entite_politique,annee_financiere,co_circ,nm_circ,montant_cumulatif,donateurs,anciens_donateurs,nouveaux_donateurs,cumulatif_anciens,cumulatif_nouveaux,pct_nouveaux_donateurs,pct_cumulatif_nouveaux,date_cumulatif
Coalition avenir Québec,2023,104,Mégantic,10490,110,85,25,8135,2355,0.22727272727272727,0.22449952335557674,2023-11-20
Coalition avenir Québec,2023,110,Saint-François,4430,48,38,10,3430,1000,0.20833333333333334,0.22573363431151242,2023-11-20
Coalition avenir Québec,2023,116,Sherbrooke,3195,36,26,10,2275,920,0.2777777777777778,0.28794992175273865,2023-11-20
Coalition avenir Québec,2023,120,Orford,6830,75,48,27,4595,2235,0.36,0.32723279648609077,2023-11-20
Coalition avenir Québec,2023,126,Johnson,4765,52,35,17,3160,1605,0.3269230769230769,0.33683105981112277,2023-11-20
Coalition avenir Québec,2023,132,Richmond,5585,60,39,21,3700,1885,0.35,0.3375111906893465,2023-11-20
Coalition avenir Québec,2023,138,Drummond-Bois-Francs,5030,54,42,12,3830,1200,0.2222222222222222,0.23856858846918488,2023-11-20
Coalition avenir Québec,2023,144,Arthabaska,6715,74,65,9,5965,750,0.12162162162162163,0.11169024571854058,2023-11-20
Coalition avenir Québec,2023,150,Nicolet-Bécancour,9425,98,71,27,6725,2700,0.2755102040816326,0.2864721485411141,2023-11-20
Coalition avenir Québec,2023,204,Brome-Missisquoi,11795,127,94,33,8725,3070,0.25984251968503935,0.2602797795676134,2023-11-20
Coalition avenir Québec,2023,206,Granby,6892,81,65,16,5675,1217,0.19753086419753085,0.1765815438189205,2023-11-20
Coalition avenir Québec,2023,210,Iberville,12290,154,70,84,6635,5655,0.5454545454545454,0.46013018714401954,2023-11-20
Coalition avenir Québec,2023,212,Saint-Jean,9290,105,56,49,5025,4265,0.4666666666666667,0.45909580193756727,2023-11-20
Coalition avenir Québec,2023,216,Huntingdon,8640,92,49,43,4595,4045,0.4673913043478261,0.4681712962962963,2023-11-20
Coalition avenir Québec,2023,218,Beauharnois,9217,101,69,32,6700,2517,0.31683168316831684,0.2730823478355213,2023-11-20
Coalition avenir Québec,2023,220,Soulanges,7400,77,41,36,4100,3300,0.4675324675324675,0.44594594594594594,2023-11-20
Coalition avenir Québec,2023,224,Vaudreuil,2865,32,18,14,1725,1140,0.4375,0.39790575916230364,2023-11-20
Coalition avenir Québec,2023,226,Châteauguay,5935,73,40,33,3255,2680,0.4520547945205479,0.45155855096882896,2023-11-20
Coalition avenir Québec,2023,230,Sanguinet,5890,62,35,27,3355,2535,0.43548387096774194,0.4303904923599321,2023-11-20
Coalition avenir Québec,2023,232,La Prairie,7445,79,45,34,4150,3295,0.43037974683544306,0.4425789120214909,2023-11-20
Coalition avenir Québec,2023,236,La Pinière,2385,27,11,16,1100,1285,0.5925925925925926,0.5387840670859538,2023-11-20
Coalition avenir Québec,2023,238,Chambly,5445,65,37,28,3410,2035,0.4307692307692308,0.37373737373737376,2023-11-20
Coalition avenir Québec,2023,240,Vachon,2970,35,21,14,1795,1175,0.4,0.3956228956228956,2023-11-20
Coalition avenir Québec,2023,244,Laporte,5750,60,33,27,3050,2700,0.45,0.46956521739130436,2023-11-20
Coalition avenir Québec,2023,246,Marie-Victorin,3725,44,28,16,2200,1525,0.36363636363636365,0.40939597315436244,2023-11-20
Coalition avenir Québec,2023,250,Taillon,4720,52,33,19,2975,1745,0.36538461538461536,0.3697033898305085,2023-11-20
Coalition avenir Québec,2023,252,Montarville,7210,76,54,22,5110,2100,0.2894736842105263,0.2912621359223301,2023-11-20
Coalition avenir Québec,2023,256,Verchères,6335,76,52,24,4745,1590,0.3157894736842105,0.2509865824782952,2023-11-20
Coalition avenir Québec,2023,258,Borduas,7205,79,56,23,5200,2005,0.2911392405063291,0.2782789729354615,2023-11-20
Coalition avenir Québec,2023,260,Saint-Hyacinthe,3440,36,29,7,2820,620,0.19444444444444445,0.18023255813953487,2023-11-20
Coalition avenir Québec,2023,264,Richelieu,6445,71,57,14,5120,1325,0.19718309859154928,0.20558572536850273,2023-11-20
Coalition avenir Québec,2023,300,Verdun,4980,54,32,22,3035,1945,0.4074074074074074,0.39056224899598396,2023-11-20
Coalition avenir Québec,2023,304,Marguerite-Bourgeoys,1075,13,7,6,700,375,0.46153846153846156,0.3488372093023256,2023-11-20
Coalition avenir Québec,2023,306,Marquette,1625,17,12,5,1200,425,0.29411764705882354,0.26153846153846155,2023-11-20
Coalition avenir Québec,2023,310,Jacques-Cartier,525,7,5,2,420,105,0.2857142857142857,0.2,2023-11-20
Coalition avenir Québec,2023,312,Nelligan,1145,16,11,5,665,480,0.3125,0.4192139737991266,2023-11-20
Coalition avenir Québec,2023,316,Robert-Baldwin,1400,15,7,8,600,800,0.5333333333333333,0.5714285714285714,2023-11-20
Coalition avenir Québec,2023,318,Saint-Laurent,3330,35,19,16,1730,1600,0.45714285714285713,0.4804804804804805,2023-11-20
Coalition avenir Québec,2023,320,D'Arcy-McGee,1840,19,8,11,740,1100,0.5789473684210527,0.5978260869565217,2023-11-20
Coalition avenir Québec,2023,324,Notre-Dame-de-Grâce,1640,18,9,9,900,740,0.5,0.45121951219512196,2023-11-20
Coalition avenir Québec,2023,326,Saint-Henri-Sainte-Anne,4185,40,28,12,3100,1085,0.3,0.25925925925925924,2023-11-20
Coalition avenir Québec,2023,330,Sainte-Marie-Saint-Jacques,2300,25,16,9,1475,825,0.36,0.358695652173913,2023-11-20
Coalition avenir Québec,2023,332,Westmount-Saint-Louis,5300,53,33,20,3300,2000,0.37735849056603776,0.37735849056603776,2023-11-20
Coalition avenir Québec,2023,336,Mont-Royal-Outremont,7800,80,55,25,5300,2500,0.3125,0.32051282051282054,2023-11-20
Coalition avenir Québec,2023,338,Acadie,1400,14,7,7,700,700,0.5,0.5,2023-11-20
Coalition avenir Québec,2023,340,Maurice-Richard,2975,31,21,10,2050,925,0.3225806451612903,0.31092436974789917,2023-11-20
Coalition avenir Québec,2023,344,Laurier-Dorion,925,10,7,3,700,225,0.3,0.24324324324324326,2023-11-20
Coalition avenir Québec,2023,346,Gouin,2235,25,17,8,1435,800,0.32,0.3579418344519016,2023-11-20
Coalition avenir Québec,2023,350,Mercier,1950,20,12,8,1150,800,0.4,0.41025641025641024,2023-11-20
Coalition avenir Québec,2023,352,Hochelaga-Maisonneuve,2200,23,16,7,1550,650,0.30434782608695654,0.29545454545454547,2023-11-20
Coalition avenir Québec,2023,356,Rosemont,3005,34,20,14,1760,1245,0.4117647058823529,0.41430948419301167,2023-11-20
Coalition avenir Québec,2023,358,Viau,575,7,2,5,150,425,0.7142857142857143,0.7391304347826086,2023-11-20
Coalition avenir Québec,2023,360,Bourassa-Sauvé,415,6,1,5,15,400,0.8333333333333334,0.963855421686747,2023-11-20
Coalition avenir Québec,2023,364,Jeanne-Mance-Viger,100,1,1,0,100,0,0,0,2023-11-20
Coalition avenir Québec,2023,366,Anjou-Louis-Riel,4095,47,28,19,2520,1575,0.40425531914893614,0.38461538461538464,2023-11-20
Coalition avenir Québec,2023,370,Camille-Laurin,2660,31,23,8,1985,675,0.25806451612903225,0.25375939849624063,2023-11-20
Coalition avenir Québec,2023,380,Pointe-aux-Trembles,5180,60,44,16,3655,1525,0.26666666666666666,0.2944015444015444,2023-11-20
Coalition avenir Québec,2023,390,LaFontaine,705,8,5,3,405,300,0.375,0.425531914893617,2023-11-20
Coalition avenir Québec,2023,454,Laval-des-Rapides,2830,32,18,14,1750,1080,0.4375,0.38162544169611307,2023-11-20
Coalition avenir Québec,2023,460,Chomedey,2930,32,22,10,2025,905,0.3125,0.30887372013651876,2023-11-20
Coalition avenir Québec,2023,466,Fabre,3950,43,31,12,2800,1150,0.27906976744186046,0.2911392405063291,2023-11-20
Coalition avenir Québec,2023,470,Sainte-Rose,3077,35,22,13,1925,1152,0.37142857142857144,0.37439064023399415,2023-11-20
Coalition avenir Québec,2023,476,Vimont,2700,33,22,11,1715,985,0.3333333333333333,0.3648148148148148,2023-11-20
Coalition avenir Québec,2023,482,Mille-Îles,2975,34,23,11,2175,800,0.3235294117647059,0.2689075630252101,2023-11-20
Coalition avenir Québec,2023,502,Groulx,4185,46,33,13,3035,1150,0.2826086956521739,0.2747909199522103,2023-11-20
Coalition avenir Québec,2023,508,Deux-Montagnes,4755,53,38,15,3545,1210,0.2830188679245283,0.2544689800210305,2023-11-20
Coalition avenir Québec,2023,514,Mirabel,8210,90,56,34,4965,3245,0.37777777777777777,0.39524969549330086,2023-11-20
Coalition avenir Québec,2023,520,Argenteuil,4060,48,29,19,2410,1650,0.3958333333333333,0.4064039408866995,2023-11-20
Coalition avenir Québec,2023,526,Saint-Jérôme,6135,66,38,28,3335,2800,0.42424242424242425,0.45639771801140994,2023-11-20
Coalition avenir Québec,2023,530,Les Plaines,6140,68,40,28,3715,2425,0.4117647058823529,0.3949511400651466,2023-11-20
Coalition avenir Québec,2023,536,Blainville,10640,110,75,35,7215,3425,0.3181818181818182,0.3218984962406015,2023-11-20
Coalition avenir Québec,2023,542,Terrebonne,8175,91,57,34,5090,3085,0.37362637362637363,0.37737003058103974,2023-11-20
Coalition avenir Québec,2023,548,Masson,7885,88,63,25,5785,2100,0.2840909090909091,0.2663284717818643,2023-11-20
Coalition avenir Québec,2023,554,L'Assomption,5790,66,57,9,4965,825,0.13636363636363635,0.14248704663212436,2023-11-20
Coalition avenir Québec,2023,560,Repentigny,11045,127,98,29,8615,2430,0.2283464566929134,0.22000905387052966,2023-11-20
Coalition avenir Québec,2023,566,Berthier,4585,50,40,10,3675,910,0.2,0.1984732824427481,2023-11-20
Coalition avenir Québec,2023,570,Joliette,6940,74,53,21,5045,1895,0.28378378378378377,0.2730547550432277,2023-11-20
Coalition avenir Québec,2023,576,Rousseau,5350,63,46,17,3775,1575,0.2698412698412698,0.29439252336448596,2023-11-20
Coalition avenir Québec,2023,582,Prévost,8215,85,51,34,4885,3330,0.4,0.40535605599513086,2023-11-20
Coalition avenir Québec,2023,588,Bertrand,7415,85,44,41,3915,3500,0.4823529411764706,0.4720161834120027,2023-11-20
Coalition avenir Québec,2023,594,Labelle,9545,107,65,42,5745,3800,0.3925233644859813,0.39811419591409114,2023-11-20
Coalition avenir Québec,2023,602,Hull,7400,76,38,38,3725,3675,0.5,0.4966216216216216,2023-11-20
Coalition avenir Québec,2023,608,Pontiac,4505,49,38,11,3480,1025,0.22448979591836735,0.22752497225305215,2023-11-20
Coalition avenir Québec,2023,614,Gatineau,10180,116,74,42,6235,3945,0.3620689655172414,0.387524557956778,2023-11-20
Coalition avenir Québec,2023,620,Chapleau,6635,71,51,20,4695,1940,0.28169014084507044,0.292388847023361,2023-11-20
Coalition avenir Québec,2023,626,Papineau,6370,68,40,28,3680,2690,0.4117647058823529,0.42229199372056514,2023-11-20
Coalition avenir Québec,2023,636,Rouyn-Noranda-Témiscamingue,2330,26,19,7,1800,530,0.2692307692307692,0.22746781115879827,2023-11-20
Coalition avenir Québec,2023,642,Abitibi-Ouest,3245,37,28,9,2425,820,0.24324324324324326,0.2526964560862866,2023-11-20
Coalition avenir Québec,2023,648,Abitibi-Est,395,7,6,1,390,5,0.14285714285714285,0.012658227848101266,2023-11-20
Coalition avenir Québec,2023,660,Trois-Rivières,8019,90,57,33,5090,2929,0.36666666666666664,0.36525751340566154,2023-11-20
Coalition avenir Québec,2023,666,Maskinongé,7947,107,63,44,4775,3172,0.411214953271028,0.3991443311941613,2023-11-20
Coalition avenir Québec,2023,670,Laviolette-Saint-Maurice,4810,61,39,22,3185,1625,0.36065573770491804,0.33783783783783783,2023-11-20
Coalition avenir Québec,2023,676,Champlain,9958,112,60,52,5158,4800,0.4642857142857143,0.48202450291223137,2023-11-20
Coalition avenir Québec,2023,702,Jean-Talon,9362,99,66,33,6110,3252,0.3333333333333333,0.34736167485580005,2023-11-20
Coalition avenir Québec,2023,708,Louis-Hébert,8385,91,56,35,5205,3180,0.38461538461538464,0.37924865831842575,2023-11-20
Coalition avenir Québec,2023,714,Portneuf,7315,86,77,9,6490,825,0.10465116279069768,0.11278195488721804,2023-11-20
Coalition avenir Québec,2023,720,La Peltrie,5050,58,34,24,2865,2185,0.41379310344827586,0.43267326732673267,2023-11-20
Coalition avenir Québec,2023,726,Vanier-Les Rivières,4175,50,31,19,2550,1625,0.38,0.38922155688622756,2023-11-20
Coalition avenir Québec,2023,730,Taschereau,7636,79,60,19,5870,1766,0.24050632911392406,0.23127291775798847,2023-11-20
Coalition avenir Québec,2023,736,Jean-Lesage,3200,35,19,16,1850,1350,0.45714285714285713,0.421875,2023-11-20
Coalition avenir Québec,2023,742,Montmorency,5672,63,37,26,3365,2307,0.4126984126984127,0.4067348377997179,2023-11-20
Coalition avenir Québec,2023,748,Charlesbourg,5600,64,42,22,3830,1770,0.34375,0.31607142857142856,2023-11-20
Coalition avenir Québec,2023,754,Chauveau,6370,104,53,51,3825,2545,0.49038461538461536,0.39952904238618525,2023-11-20
Coalition avenir Québec,2023,760,Charlevoix-Côte-de-Beaupré,4640,50,38,12,3440,1200,0.24,0.25862068965517243,2023-11-20
Coalition avenir Québec,2023,802,Beauce-Sud,8220,87,50,37,4635,3585,0.42528735632183906,0.43613138686131386,2023-11-20
Coalition avenir Québec,2023,806,Beauce-Nord,10340,108,71,37,6810,3530,0.3425925925925926,0.3413926499032882,2023-11-20
Coalition avenir Québec,2023,810,Lotbinière-Frontenac,4550,50,31,19,2725,1825,0.38,0.4010989010989011,2023-11-20
Coalition avenir Québec,2023,814,Chutes-de-la-Chaudière,4565,50,30,20,2900,1665,0.4,0.3647316538882804,2023-11-20
Coalition avenir Québec,2023,818,Lévis,3910,45,26,19,2215,1695,0.4222222222222222,0.43350383631713557,2023-11-20
Coalition avenir Québec,2023,822,Bellechasse,1905,24,17,7,1345,560,0.2916666666666667,0.29396325459317585,2023-11-20
Coalition avenir Québec,2023,826,Côte-du-Sud,6485,73,45,28,4020,2465,0.3835616438356164,0.3801079414032382,2023-11-20
Coalition avenir Québec,2023,834,Rivière-du-Loup-Témiscouata,10867,118,85,33,7815,3052,0.2796610169491525,0.28085028066623724,2023-11-20
Coalition avenir Québec,2023,838,Rimouski,1395,16,10,6,875,520,0.375,0.3727598566308244,2023-11-20
Coalition avenir Québec,2023,842,Matane-Matapédia,215,7,6,1,205,10,0.14285714285714285,0.046511627906976744,2023-11-20
Coalition avenir Québec,2023,850,Bonaventure,1840,20,10,10,840,1000,0.5,0.5434782608695652,2023-11-20
Coalition avenir Québec,2023,854,Gaspé,2875,34,10,24,875,2000,0.7058823529411765,0.6956521739130435,2023-11-20
Coalition avenir Québec,2023,858,Îles-de-la-Madeleine,470,8,8,0,470,0,0,0,2023-11-20
Coalition avenir Québec,2023,902,Duplessis,2050,22,13,9,1225,825,0.4090909090909091,0.4024390243902439,2023-11-20
Coalition avenir Québec,2023,906,René-Lévesque,2970,31,22,9,2070,900,0.2903225806451613,0.30303030303030304,2023-11-20
Coalition avenir Québec,2023,914,Dubuc,4727,51,35,16,3275,1452,0.3137254901960784,0.3071715675904379,2023-11-20
Coalition avenir Québec,2023,918,Chicoutimi,7895,83,51,32,4870,3025,0.3855421686746988,0.383153894870171,2023-11-20
Coalition avenir Québec,2023,922,Jonquière,11255,113,75,38,7475,3780,0.336283185840708,0.3358507330075522,2023-11-20
Coalition avenir Québec,2023,926,Lac-Saint-Jean,9150,97,66,31,6140,3010,0.31958762886597936,0.3289617486338798,2023-11-20
Coalition avenir Québec,2023,930,Roberval,6950,71,31,40,2950,4000,0.5633802816901409,0.5755395683453237,2023-11-20
Coalition avenir Québec,2023,938,Ungava,1850,20,16,4,1520,330,0.2,0.1783783783783784,2023-11-20
Coalition avenir Québec,2023,NA,NA,400,4,1,3,100,300,0.75,0.75,2023-11-20
Parti conservateur du Québec,2023,104,Mégantic,529,11,6,5,259,270,0.45454545454545453,0.5103969754253308,2023-11-20
Parti conservateur du Québec,2023,110,Saint-François,125,3,2,1,100,25,0.3333333333333333,0.2,2023-11-20
Parti conservateur du Québec,2023,116,Sherbrooke,313,5,5,0,313,0,0,0,2023-11-20
Parti conservateur du Québec,2023,120,Orford,846,10,6,4,506,340,0.4,0.40189125295508277,2023-11-20
Parti conservateur du Québec,2023,126,Johnson,625,7,7,0,625,0,0,0,2023-11-20
Parti conservateur du Québec,2023,132,Richmond,466,11,9,2,430,36,0.18181818181818182,0.07725321888412018,2023-11-20
Parti conservateur du Québec,2023,138,Drummond-Bois-Francs,241.16,8,6,2,201.16,40,0.25,0.1658649859014762,2023-11-20
Parti conservateur du Québec,2023,144,Arthabaska,775,16,11,5,530,245,0.3125,0.3161290322580645,2023-11-20
Parti conservateur du Québec,2023,150,Nicolet-Bécancour,378,6,4,2,178,200,0.3333333333333333,0.5291005291005291,2023-11-20
Parti conservateur du Québec,2023,204,Brome-Missisquoi,535,10,4,6,280,255,0.6,0.4766355140186916,2023-11-20
Parti conservateur du Québec,2023,206,Granby,453,9,7,2,428,25,0.2222222222222222,0.05518763796909492,2023-11-20
Parti conservateur du Québec,2023,210,Iberville,255,4,4,0,255,0,0,0,2023-11-20
Parti conservateur du Québec,2023,212,Saint-Jean,403,7,7,0,403,0,0,0,2023-11-20
Parti conservateur du Québec,2023,216,Huntingdon,200,5,2,3,145,55,0.6,0.275,2023-11-20
Parti conservateur du Québec,2023,220,Soulanges,390,7,5,2,365,25,0.2857142857142857,0.0641025641025641,2023-11-20
Parti conservateur du Québec,2023,224,Vaudreuil,75,2,0,2,0,75,1,1,2023-11-20
Parti conservateur du Québec,2023,226,Châteauguay,150,3,1,2,100,50,0.6666666666666666,0.3333333333333333,2023-11-20
Parti conservateur du Québec,2023,230,Sanguinet,330,7,6,1,310,20,0.14285714285714285,0.06060606060606061,2023-11-20
Parti conservateur du Québec,2023,232,La Prairie,165,4,3,1,145,20,0.25,0.12121212121212122,2023-11-20
Parti conservateur du Québec,2023,236,La Pinière,5,1,1,0,5,0,0,0,2023-11-20
Parti conservateur du Québec,2023,238,Chambly,200,5,4,1,180,20,0.2,0.1,2023-11-20
Parti conservateur du Québec,2023,240,Vachon,248,5,4,1,243,5,0.2,0.020161290322580645,2023-11-20
Parti conservateur du Québec,2023,244,Laporte,160,4,1,3,10,150,0.75,0.9375,2023-11-20
Parti conservateur du Québec,2023,246,Marie-Victorin,265,6,3,3,55,210,0.5,0.7924528301886793,2023-11-20
Parti conservateur du Québec,2023,250,Taillon,155,4,2,2,120,35,0.5,0.22580645161290322,2023-11-20
Parti conservateur du Québec,2023,252,Montarville,535,10,8,2,420,115,0.2,0.21495327102803738,2023-11-20
Parti conservateur du Québec,2023,256,Verchères,410,5,5,0,410,0,0,0,2023-11-20
Parti conservateur du Québec,2023,258,Borduas,288,7,4,3,165,123,0.42857142857142855,0.4270833333333333,2023-11-20
Parti conservateur du Québec,2023,260,Saint-Hyacinthe,235,5,2,3,30,205,0.6,0.8723404255319149,2023-11-20
Parti conservateur du Québec,2023,264,Richelieu,76,4,4,0,76,0,0,0,2023-11-20
Parti conservateur du Québec,2023,300,Verdun,320,4,3,1,300,20,0.25,0.0625,2023-11-20
Parti conservateur du Québec,2023,304,Marguerite-Bourgeoys,20,1,1,0,20,0,0,0,2023-11-20
Parti conservateur du Québec,2023,306,Marquette,40,2,2,0,40,0,0,0,2023-11-20
Parti conservateur du Québec,2023,310,Jacques-Cartier,53,2,0,2,0,53,1,1,2023-11-20
Parti conservateur du Québec,2023,312,Nelligan,380,6,5,1,370,10,0.16666666666666666,0.02631578947368421,2023-11-20
Parti conservateur du Québec,2023,316,Robert-Baldwin,150,2,0,2,0,150,1,1,2023-11-20
Parti conservateur du Québec,2023,318,Saint-Laurent,200,2,2,0,200,0,0,0,2023-11-20
Parti conservateur du Québec,2023,320,D'Arcy-McGee,210,3,1,2,100,110,0.6666666666666666,0.5238095238095238,2023-11-20
Parti conservateur du Québec,2023,324,Notre-Dame-de-Grâce,75,3,2,1,60,15,0.3333333333333333,0.2,2023-11-20
Parti conservateur du Québec,2023,326,Saint-Henri-Sainte-Anne,330.23,4,1,3,200,130.23,0.75,0.394361505617297,2023-11-20
Parti conservateur du Québec,2023,330,Sainte-Marie-Saint-Jacques,165,3,3,0,165,0,0,0,2023-11-20
Parti conservateur du Québec,2023,332,Westmount-Saint-Louis,364.3,6,5,1,344.3,20,0.16666666666666666,0.05489980785067252,2023-11-20
Parti conservateur du Québec,2023,336,Mont-Royal-Outremont,200,2,2,0,200,0,0,0,2023-11-20
Parti conservateur du Québec,2023,338,Acadie,160,3,2,1,60,100,0.3333333333333333,0.625,2023-11-20
Parti conservateur du Québec,2023,340,Maurice-Richard,420,5,3,2,300,120,0.4,0.2857142857142857,2023-11-20
Parti conservateur du Québec,2023,344,Laurier-Dorion,135,3,3,0,135,0,0,0,2023-11-20
Parti conservateur du Québec,2023,346,Gouin,185,4,4,0,185,0,0,0,2023-11-20
Parti conservateur du Québec,2023,350,Mercier,109,2,1,1,100,9,0.5,0.08256880733944955,2023-11-20
Parti conservateur du Québec,2023,352,Hochelaga-Maisonneuve,330,6,3,3,185,145,0.5,0.4393939393939394,2023-11-20
Parti conservateur du Québec,2023,356,Rosemont,420,6,6,0,420,0,0,0,2023-11-20
Parti conservateur du Québec,2023,358,Viau,42.65,3,1,2,2.65,40,0.6666666666666666,0.9378663540445487,2023-11-20
Parti conservateur du Québec,2023,360,Bourassa-Sauvé,190,4,4,0,190,0,0,0,2023-11-20
Parti conservateur du Québec,2023,364,Jeanne-Mance-Viger,50,1,1,0,50,0,0,0,2023-11-20
Parti conservateur du Québec,2023,366,Anjou-Louis-Riel,140,2,1,1,40,100,0.5,0.7142857142857143,2023-11-20
Parti conservateur du Québec,2023,370,Camille-Laurin,150,3,2,1,125,25,0.3333333333333333,0.16666666666666666,2023-11-20
Parti conservateur du Québec,2023,380,Pointe-aux-Trembles,100,1,1,0,100,0,0,0,2023-11-20
Parti conservateur du Québec,2023,390,LaFontaine,125,3,3,0,125,0,0,0,2023-11-20
Parti conservateur du Québec,2023,454,Laval-des-Rapides,415,9,8,1,315,100,0.1111111111111111,0.24096385542168675,2023-11-20
Parti conservateur du Québec,2023,460,Chomedey,45,1,1,0,45,0,0,0,2023-11-20
Parti conservateur du Québec,2023,466,Fabre,380,5,5,0,380,0,0,0,2023-11-20
Parti conservateur du Québec,2023,470,Sainte-Rose,225,5,4,1,210,15,0.2,0.06666666666666667,2023-11-20
Parti conservateur du Québec,2023,476,Vimont,85,3,2,1,35,50,0.3333333333333333,0.5882352941176471,2023-11-20
Parti conservateur du Québec,2023,482,Mille-Îles,25,1,0,1,0,25,1,1,2023-11-20
Parti conservateur du Québec,2023,502,Groulx,543,10,4,6,158,385,0.6,0.7090239410681399,2023-11-20
Parti conservateur du Québec,2023,508,Deux-Montagnes,470,8,5,3,420,50,0.375,0.10638297872340426,2023-11-20
Parti conservateur du Québec,2023,514,Mirabel,590,10,8,2,460,130,0.2,0.22033898305084745,2023-11-20
Parti conservateur du Québec,2023,520,Argenteuil,343,7,6,1,333,10,0.14285714285714285,0.029154518950437316,2023-11-20
Parti conservateur du Québec,2023,526,Saint-Jérôme,591,13,6,7,395,196,0.5384615384615384,0.3316412859560068,2023-11-20
Parti conservateur du Québec,2023,530,Les Plaines,145,4,2,2,105,40,0.5,0.27586206896551724,2023-11-20
Parti conservateur du Québec,2023,536,Blainville,815,13,12,1,790,25,0.07692307692307693,0.03067484662576687,2023-11-20
Parti conservateur du Québec,2023,542,Terrebonne,280,6,5,1,265,15,0.16666666666666666,0.05357142857142857,2023-11-20
Parti conservateur du Québec,2023,548,Masson,165,5,4,1,160,5,0.2,0.030303030303030304,2023-11-20
Parti conservateur du Québec,2023,554,L'Assomption,255,3,3,0,255,0,0,0,2023-11-20
Parti conservateur du Québec,2023,560,Repentigny,225,3,3,0,225,0,0,0,2023-11-20
Parti conservateur du Québec,2023,566,Berthier,430,8,6,2,370,60,0.25,0.13953488372093023,2023-11-20
Parti conservateur du Québec,2023,570,Joliette,207,4,2,2,105,102,0.5,0.4927536231884058,2023-11-20
Parti conservateur du Québec,2023,576,Rousseau,205,5,2,3,150,55,0.6,0.2682926829268293,2023-11-20
Parti conservateur du Québec,2023,582,Prévost,520,10,8,2,370,150,0.2,0.28846153846153844,2023-11-20
Parti conservateur du Québec,2023,588,Bertrand,270,4,3,1,250,20,0.25,0.07407407407407407,2023-11-20
Parti conservateur du Québec,2023,594,Labelle,231,4,3,1,226,5,0.25,0.021645021645021644,2023-11-20
Parti conservateur du Québec,2023,602,Hull,320,6,3,3,180,140,0.5,0.4375,2023-11-20
Parti conservateur du Québec,2023,608,Pontiac,613,12,4,8,320,293,0.6666666666666666,0.47797716150081565,2023-11-20
Parti conservateur du Québec,2023,614,Gatineau,276,4,3,1,176,100,0.25,0.36231884057971014,2023-11-20
Parti conservateur du Québec,2023,620,Chapleau,568,11,6,5,263,305,0.45454545454545453,0.5369718309859155,2023-11-20
Parti conservateur du Québec,2023,626,Papineau,320,4,1,3,20,300,0.75,0.9375,2023-11-20
Parti conservateur du Québec,2023,636,Rouyn-Noranda-Témiscamingue,20,1,0,1,0,20,1,1,2023-11-20
Parti conservateur du Québec,2023,642,Abitibi-Ouest,315,5,3,2,175,140,0.4,0.4444444444444444,2023-11-20
Parti conservateur du Québec,2023,648,Abitibi-Est,85,4,2,2,40,45,0.5,0.5294117647058824,2023-11-20
Parti conservateur du Québec,2023,660,Trois-Rivières,515,10,6,4,350,165,0.4,0.32038834951456313,2023-11-20
Parti conservateur du Québec,2023,666,Maskinongé,546,20,12,8,436,110,0.4,0.20146520146520147,2023-11-20
Parti conservateur du Québec,2023,670,Laviolette-Saint-Maurice,536,18,12,6,471,65,0.3333333333333333,0.12126865671641791,2023-11-20
Parti conservateur du Québec,2023,676,Champlain,845,17,13,4,793,52,0.23529411764705882,0.06153846153846154,2023-11-20
Parti conservateur du Québec,2023,702,Jean-Talon,1850,23,16,7,1395,455,0.30434782608695654,0.24594594594594596,2023-11-20
Parti conservateur du Québec,2023,708,Louis-Hébert,298,9,7,2,285,13,0.2222222222222222,0.0436241610738255,2023-11-20
Parti conservateur du Québec,2023,714,Portneuf,1644,29,17,12,923,721,0.41379310344827586,0.43856447688564476,2023-11-20
Parti conservateur du Québec,2023,720,La Peltrie,2615,46,30,16,1885,730,0.34782608695652173,0.27915869980879543,2023-11-20
Parti conservateur du Québec,2023,726,Vanier-Les Rivières,1023,27,20,7,818,205,0.25925925925925924,0.20039100684261973,2023-11-20
Parti conservateur du Québec,2023,730,Taschereau,873,18,10,8,448,425,0.4444444444444444,0.4868270332187858,2023-11-20
Parti conservateur du Québec,2023,736,Jean-Lesage,619,13,10,3,585,34,0.23076923076923078,0.05492730210016155,2023-11-20
Parti conservateur du Québec,2023,742,Montmorency,1265,29,19,10,949,316,0.3448275862068966,0.24980237154150198,2023-11-20
Parti conservateur du Québec,2023,748,Charlesbourg,755,17,13,4,655,100,0.23529411764705882,0.13245033112582782,2023-11-20
Parti conservateur du Québec,2023,754,Chauveau,1425,31,19,12,1110,315,0.3870967741935484,0.22105263157894736,2023-11-20
Parti conservateur du Québec,2023,760,Charlevoix-Côte-de-Beaupré,870,15,9,6,505,365,0.4,0.41954022988505746,2023-11-20
Parti conservateur du Québec,2023,802,Beauce-Sud,575,10,8,2,450,125,0.2,0.21739130434782608,2023-11-20
Parti conservateur du Québec,2023,806,Beauce-Nord,1166,23,16,7,846,320,0.30434782608695654,0.274442538593482,2023-11-20
Parti conservateur du Québec,2023,810,Lotbinière-Frontenac,850,15,11,4,755,95,0.26666666666666666,0.11176470588235295,2023-11-20
Parti conservateur du Québec,2023,814,Chutes-de-la-Chaudière,2181,38,32,6,1895,286,0.15789473684210525,0.13113250802384227,2023-11-20
Parti conservateur du Québec,2023,818,Lévis,692.25,20,12,8,505,187.25,0.4,0.27049476345250995,2023-11-20
Parti conservateur du Québec,2023,822,Bellechasse,1945,31,14,17,1070,875,0.5483870967741935,0.4498714652956298,2023-11-20
Parti conservateur du Québec,2023,826,Côte-du-Sud,1050,14,10,4,780,270,0.2857142857142857,0.2571428571428571,2023-11-20
Parti conservateur du Québec,2023,834,Rivière-du-Loup-Témiscouata,345,5,4,1,245,100,0.2,0.2898550724637681,2023-11-20
Parti conservateur du Québec,2023,838,Rimouski,80,3,3,0,80,0,0,0,2023-11-20
Parti conservateur du Québec,2023,842,Matane-Matapédia,310,4,3,1,210,100,0.25,0.3225806451612903,2023-11-20
Parti conservateur du Québec,2023,854,Gaspé,30,2,1,1,20,10,0.5,0.3333333333333333,2023-11-20
Parti conservateur du Québec,2023,858,Îles-de-la-Madeleine,200,2,2,0,200,0,0,0,2023-11-20
Parti conservateur du Québec,2023,902,Duplessis,100,1,1,0,100,0,0,0,2023-11-20
Parti conservateur du Québec,2023,906,René-Lévesque,205,3,2,1,105,100,0.3333333333333333,0.4878048780487805,2023-11-20
Parti conservateur du Québec,2023,914,Dubuc,320,4,4,0,320,0,0,0,2023-11-20
Parti conservateur du Québec,2023,918,Chicoutimi,200,2,2,0,200,0,0,0,2023-11-20
Parti conservateur du Québec,2023,922,Jonquière,100,1,0,1,0,100,1,1,2023-11-20
Parti conservateur du Québec,2023,926,Lac-Saint-Jean,125,3,0,3,0,125,1,1,2023-11-20
Parti conservateur du Québec,2023,930,Roberval,150,4,1,3,25,125,0.75,0.8333333333333334,2023-11-20
Parti libéral du Québec,2023,104,Mégantic,400,6,5,1,375,25,0.16666666666666666,0.0625,2023-11-20
Parti libéral du Québec,2023,110,Saint-François,999.98,12,9,3,774.98,225,0.25,0.2250045000900018,2023-11-20
Parti libéral du Québec,2023,116,Sherbrooke,1583.3,21,17,4,1258.3,325,0.19047619047619047,0.20526747931535402,2023-11-20
Parti libéral du Québec,2023,120,Orford,536,9,6,3,450,86,0.3333333333333333,0.16044776119402984,2023-11-20
Parti libéral du Québec,2023,126,Johnson,300,6,2,4,75,225,0.6666666666666666,0.75,2023-11-20
Parti libéral du Québec,2023,132,Richmond,840,13,12,1,815,25,0.07692307692307693,0.02976190476190476,2023-11-20
Parti libéral du Québec,2023,138,Drummond-Bois-Francs,245,6,3,3,170,75,0.5,0.30612244897959184,2023-11-20
Parti libéral du Québec,2023,144,Arthabaska,468.3,11,8,3,393.3,75,0.2727272727272727,0.16015374759769377,2023-11-20
Parti libéral du Québec,2023,150,Nicolet-Bécancour,300,4,4,0,300,0,0,0,2023-11-20
Parti libéral du Québec,2023,204,Brome-Missisquoi,1300,21,14,7,850,450,0.3333333333333333,0.34615384615384615,2023-11-20
Parti libéral du Québec,2023,206,Granby,385,7,5,2,275,110,0.2857142857142857,0.2857142857142857,2023-11-20
Parti libéral du Québec,2023,210,Iberville,525,6,3,3,300,225,0.5,0.42857142857142855,2023-11-20
Parti libéral du Québec,2023,212,Saint-Jean,525,6,3,3,300,225,0.5,0.42857142857142855,2023-11-20
Parti libéral du Québec,2023,216,Huntingdon,584.99,8,8,0,584.99,0,0,0,2023-11-20
Parti libéral du Québec,2023,218,Beauharnois,100,1,1,0,100,0,0,0,2023-11-20
Parti libéral du Québec,2023,220,Soulanges,1120,14,11,3,895,225,0.21428571428571427,0.20089285714285715,2023-11-20
Parti libéral du Québec,2023,224,Vaudreuil,895,13,9,4,585,310,0.3076923076923077,0.3463687150837989,2023-11-20
Parti libéral du Québec,2023,226,Châteauguay,1425,17,14,3,1250,175,0.17647058823529413,0.12280701754385964,2023-11-20
Parti libéral du Québec,2023,230,Sanguinet,725,9,3,6,250,475,0.6666666666666666,0.6551724137931034,2023-11-20
Parti libéral du Québec,2023,232,La Prairie,875,11,8,3,575,300,0.2727272727272727,0.34285714285714286,2023-11-20
Parti libéral du Québec,2023,236,La Pinière,6663,78,46,32,4083,2580,0.41025641025641024,0.38721296713192255,2023-11-20
Parti libéral du Québec,2023,238,Chambly,1050,11,8,3,750,300,0.2727272727272727,0.2857142857142857,2023-11-20
Parti libéral du Québec,2023,240,Vachon,675,9,7,2,550,125,0.2222222222222222,0.18518518518518517,2023-11-20
Parti libéral du Québec,2023,244,Laporte,2476,35,26,9,1916,560,0.2571428571428571,0.22617124394184168,2023-11-20
Parti libéral du Québec,2023,246,Marie-Victorin,586.65,9,7,2,386.65,200,0.2222222222222222,0.3409187761015938,2023-11-20
Parti libéral du Québec,2023,250,Taillon,993.3,14,11,3,783.3,210,0.21428571428571427,0.21141649048625794,2023-11-20
Parti libéral du Québec,2023,252,Montarville,2086,31,24,7,1486,600,0.22580645161290322,0.28763183125599234,2023-11-20
Parti libéral du Québec,2023,256,Verchères,290,6,5,1,265,25,0.16666666666666666,0.08620689655172414,2023-11-20
Parti libéral du Québec,2023,258,Borduas,500,7,6,1,475,25,0.14285714285714285,0.05,2023-11-20
Parti libéral du Québec,2023,260,Saint-Hyacinthe,150,2,2,0,150,0,0,0,2023-11-20
Parti libéral du Québec,2023,264,Richelieu,275,4,4,0,275,0,0,0,2023-11-20
Parti libéral du Québec,2023,300,Verdun,1925,27,22,5,1725,200,0.18518518518518517,0.1038961038961039,2023-11-20
Parti libéral du Québec,2023,304,Marguerite-Bourgeoys,4590,50,32,18,3005,1585,0.36,0.3453159041394335,2023-11-20
Parti libéral du Québec,2023,306,Marquette,7240,80,59,21,5625,1615,0.2625,0.22306629834254144,2023-11-20
Parti libéral du Québec,2023,310,Jacques-Cartier,4540,52,34,18,3185,1355,0.34615384615384615,0.29845814977973567,2023-11-20
Parti libéral du Québec,2023,312,Nelligan,6070,68,44,24,4115,1955,0.35294117647058826,0.32207578253706753,2023-11-20
Parti libéral du Québec,2023,316,Robert-Baldwin,5500,66,46,20,4065,1435,0.30303030303030304,0.2609090909090909,2023-11-20
Parti libéral du Québec,2023,318,Saint-Laurent,3820,45,24,21,1995,1825,0.4666666666666667,0.47774869109947643,2023-11-20
Parti libéral du Québec,2023,320,D'Arcy-McGee,2920,34,26,8,2325,595,0.23529411764705882,0.20376712328767124,2023-11-20
Parti libéral du Québec,2023,324,Notre-Dame-de-Grâce,4450,51,31,20,2850,1600,0.39215686274509803,0.3595505617977528,2023-11-20
Parti libéral du Québec,2023,326,Saint-Henri-Sainte-Anne,1998.3,25,16,9,1508.3,490,0.36,0.24520842716308863,2023-11-20
Parti libéral du Québec,2023,330,Sainte-Marie-Saint-Jacques,1720,22,12,10,1100,620,0.45454545454545453,0.36046511627906974,2023-11-20
Parti libéral du Québec,2023,332,Westmount-Saint-Louis,10318.33,111,86,25,8175,2143.33,0.22522522522522523,0.207720629210347,2023-11-20
Parti libéral du Québec,2023,336,Mont-Royal-Outremont,15860,174,112,62,10370,5490,0.3563218390804598,0.34615384615384615,2023-11-20
Parti libéral du Québec,2023,338,Acadie,4525,55,36,19,2920,1605,0.34545454545454546,0.3546961325966851,2023-11-20
Parti libéral du Québec,2023,340,Maurice-Richard,1905,24,19,5,1580,325,0.20833333333333334,0.17060367454068243,2023-11-20
Parti libéral du Québec,2023,344,Laurier-Dorion,615,9,8,1,565,50,0.1111111111111111,0.08130081300813008,2023-11-20
Parti libéral du Québec,2023,346,Gouin,320,6,5,1,260,60,0.16666666666666666,0.1875,2023-11-20
Parti libéral du Québec,2023,350,Mercier,585,8,4,4,335,250,0.5,0.42735042735042733,2023-11-20
Parti libéral du Québec,2023,352,Hochelaga-Maisonneuve,320,4,2,2,120,200,0.5,0.625,2023-11-20
Parti libéral du Québec,2023,356,Rosemont,1255,15,11,4,945,310,0.26666666666666666,0.24701195219123506,2023-11-20
Parti libéral du Québec,2023,358,Viau,4780,61,45,16,3520,1260,0.26229508196721313,0.26359832635983266,2023-11-20
Parti libéral du Québec,2023,360,Bourassa-Sauvé,5360,59,37,22,3365,1995,0.3728813559322034,0.37220149253731344,2023-11-20
Parti libéral du Québec,2023,364,Jeanne-Mance-Viger,12445,129,87,42,8400,4045,0.32558139534883723,0.3250301325833668,2023-11-20
Parti libéral du Québec,2023,366,Anjou-Louis-Riel,3610,45,33,12,2550,1060,0.26666666666666666,0.29362880886426596,2023-11-20
Parti libéral du Québec,2023,370,Camille-Laurin,1345,16,11,5,975,370,0.3125,0.275092936802974,2023-11-20
Parti libéral du Québec,2023,380,Pointe-aux-Trembles,865,12,3,9,230,635,0.75,0.7341040462427746,2023-11-20
Parti libéral du Québec,2023,390,LaFontaine,9120,102,65,37,5995,3125,0.3627450980392157,0.34265350877192985,2023-11-20
Parti libéral du Québec,2023,454,Laval-des-Rapides,1821,23,15,8,1261,560,0.34782608695652173,0.3075233388248215,2023-11-20
Parti libéral du Québec,2023,460,Chomedey,3303.3,40,28,12,2358.3,945,0.3,0.2860775588048315,2023-11-20
Parti libéral du Québec,2023,466,Fabre,1923.3,25,17,8,1358.3,565,0.32,0.2937659231529143,2023-11-20
Parti libéral du Québec,2023,470,Sainte-Rose,2050,22,12,10,1150,900,0.45454545454545453,0.43902439024390244,2023-11-20
Parti libéral du Québec,2023,476,Vimont,2715,34,20,14,1750,965,0.4117647058823529,0.35543278084714547,2023-11-20
Parti libéral du Québec,2023,482,Mille-Îles,3630,39,22,17,2085,1545,0.4358974358974359,0.4256198347107438,2023-11-20
Parti libéral du Québec,2023,502,Groulx,1105,14,6,8,380,725,0.5714285714285714,0.6561085972850679,2023-11-20
Parti libéral du Québec,2023,508,Deux-Montagnes,325,4,1,3,100,225,0.75,0.6923076923076923,2023-11-20
Parti libéral du Québec,2023,514,Mirabel,720,8,6,2,520,200,0.25,0.2777777777777778,2023-11-20
Parti libéral du Québec,2023,520,Argenteuil,275,6,4,2,225,50,0.3333333333333333,0.18181818181818182,2023-11-20
Parti libéral du Québec,2023,526,Saint-Jérôme,233,3,3,0,233,0,0,0,2023-11-20
Parti libéral du Québec,2023,530,Les Plaines,400,7,4,3,235,165,0.42857142857142855,0.4125,2023-11-20
Parti libéral du Québec,2023,536,Blainville,3090,34,26,8,2350,740,0.23529411764705882,0.23948220064724918,2023-11-20
Parti libéral du Québec,2023,542,Terrebonne,1540,21,11,10,835,705,0.47619047619047616,0.4577922077922078,2023-11-20
Parti libéral du Québec,2023,548,Masson,950,12,6,6,525,425,0.5,0.4473684210526316,2023-11-20
Parti libéral du Québec,2023,554,L'Assomption,385,7,5,2,300,85,0.2857142857142857,0.22077922077922077,2023-11-20
Parti libéral du Québec,2023,560,Repentigny,1750,20,6,14,480,1270,0.7,0.7257142857142858,2023-11-20
Parti libéral du Québec,2023,566,Berthier,95,1,1,0,95,0,0,0,2023-11-20
Parti libéral du Québec,2023,570,Joliette,290,3,2,1,195,95,0.3333333333333333,0.3275862068965517,2023-11-20
Parti libéral du Québec,2023,576,Rousseau,345,5,3,2,225,120,0.4,0.34782608695652173,2023-11-20
Parti libéral du Québec,2023,582,Prévost,990,15,8,7,515,475,0.4666666666666667,0.4797979797979798,2023-11-20
Parti libéral du Québec,2023,588,Bertrand,950,13,9,4,625,325,0.3076923076923077,0.34210526315789475,2023-11-20
Parti libéral du Québec,2023,594,Labelle,275,7,4,3,175,100,0.42857142857142855,0.36363636363636365,2023-11-20
Parti libéral du Québec,2023,602,Hull,1908.3,21,13,8,1183.3,725,0.38095238095238093,0.37991929990043494,2023-11-20
Parti libéral du Québec,2023,608,Pontiac,3850,67,45,22,3025,825,0.3283582089552239,0.21428571428571427,2023-11-20
Parti libéral du Québec,2023,614,Gatineau,450,11,8,3,375,75,0.2727272727272727,0.16666666666666666,2023-11-20
Parti libéral du Québec,2023,620,Chapleau,335,6,6,0,335,0,0,0,2023-11-20
Parti libéral du Québec,2023,626,Papineau,495,9,7,2,445,50,0.2222222222222222,0.10101010101010101,2023-11-20
Parti libéral du Québec,2023,636,Rouyn-Noranda-Témiscamingue,425,5,4,1,325,100,0.2,0.23529411764705882,2023-11-20
Parti libéral du Québec,2023,642,Abitibi-Ouest,100,4,2,2,50,50,0.5,0.5,2023-11-20
Parti libéral du Québec,2023,648,Abitibi-Est,125,2,2,0,125,0,0,0,2023-11-20
Parti libéral du Québec,2023,660,Trois-Rivières,1275,15,14,1,1230,45,0.06666666666666667,0.03529411764705882,2023-11-20
Parti libéral du Québec,2023,666,Maskinongé,135,3,1,2,25,110,0.6666666666666666,0.8148148148148148,2023-11-20
Parti libéral du Québec,2023,670,Laviolette-Saint-Maurice,225,5,3,2,150,75,0.4,0.3333333333333333,2023-11-20
Parti libéral du Québec,2023,676,Champlain,325,4,3,1,225,100,0.25,0.3076923076923077,2023-11-20
Parti libéral du Québec,2023,702,Jean-Talon,2391,31,26,5,2191,200,0.16129032258064516,0.0836470096194061,2023-11-20
Parti libéral du Québec,2023,708,Louis-Hébert,970,14,10,4,645,325,0.2857142857142857,0.33505154639175255,2023-11-20
Parti libéral du Québec,2023,714,Portneuf,100,1,0,1,0,100,1,1,2023-11-20
Parti libéral du Québec,2023,720,La Peltrie,400,4,4,0,400,0,0,0,2023-11-20
Parti libéral du Québec,2023,726,Vanier-Les Rivières,825,11,6,5,475,350,0.45454545454545453,0.42424242424242425,2023-11-20
Parti libéral du Québec,2023,730,Taschereau,2035,29,21,8,1510,525,0.27586206896551724,0.257985257985258,2023-11-20
Parti libéral du Québec,2023,736,Jean-Lesage,208.3,3,2,1,108.3,100,0.3333333333333333,0.48007681228996635,2023-11-20
Parti libéral du Québec,2023,742,Montmorency,660,11,9,2,625,35,0.18181818181818182,0.05303030303030303,2023-11-20
Parti libéral du Québec,2023,748,Charlesbourg,660,9,7,2,535,125,0.2222222222222222,0.1893939393939394,2023-11-20
Parti libéral du Québec,2023,754,Chauveau,560,7,7,0,560,0,0,0,2023-11-20
Parti libéral du Québec,2023,760,Charlevoix-Côte-de-Beaupré,523.31,8,6,2,465,58.31,0.25,0.11142535017484857,2023-11-20
Parti libéral du Québec,2023,802,Beauce-Sud,385,6,4,2,260,125,0.3333333333333333,0.3246753246753247,2023-11-20
Parti libéral du Québec,2023,806,Beauce-Nord,150,3,2,1,125,25,0.3333333333333333,0.16666666666666666,2023-11-20
Parti libéral du Québec,2023,810,Lotbinière-Frontenac,558.3,8,6,2,433.3,125,0.25,0.22389396381873547,2023-11-20
Parti libéral du Québec,2023,814,Chutes-de-la-Chaudière,300,5,4,1,200,100,0.2,0.3333333333333333,2023-11-20
Parti libéral du Québec,2023,818,Lévis,705,9,5,4,425,280,0.4444444444444444,0.3971631205673759,2023-11-20
Parti libéral du Québec,2023,822,Bellechasse,128.3,3,2,1,108.3,20,0.3333333333333333,0.1558846453624318,2023-11-20
Parti libéral du Québec,2023,826,Côte-du-Sud,341.6,6,5,1,241.6,100,0.16666666666666666,0.2927400468384075,2023-11-20
Parti libéral du Québec,2023,834,Rivière-du-Loup-Témiscouata,520,7,6,1,470,50,0.14285714285714285,0.09615384615384616,2023-11-20
Parti libéral du Québec,2023,838,Rimouski,1268.1,20,16,4,1113.1,155,0.2,0.12223010803564388,2023-11-20
Parti libéral du Québec,2023,842,Matane-Matapédia,100,1,0,1,0,100,1,1,2023-11-20
Parti libéral du Québec,2023,850,Bonaventure,375,6,5,1,350,25,0.16666666666666666,0.06666666666666667,2023-11-20
Parti libéral du Québec,2023,854,Gaspé,470,7,4,3,395,75,0.42857142857142855,0.1595744680851064,2023-11-20
Parti libéral du Québec,2023,858,Îles-de-la-Madeleine,250,4,2,2,125,125,0.5,0.5,2023-11-20
Parti libéral du Québec,2023,902,Duplessis,291.6,4,4,0,291.6,0,0,0,2023-11-20
Parti libéral du Québec,2023,906,René-Lévesque,208.29,3,2,1,108.28999999999999,100,0.3333333333333333,0.4800998607710404,2023-11-20
Parti libéral du Québec,2023,914,Dubuc,360,6,5,1,335,25,0.16666666666666666,0.06944444444444445,2023-11-20
Parti libéral du Québec,2023,918,Chicoutimi,105,4,1,3,30,75,0.75,0.7142857142857143,2023-11-20
Parti libéral du Québec,2023,922,Jonquière,155,4,1,3,50,105,0.75,0.6774193548387096,2023-11-20
Parti libéral du Québec,2023,926,Lac-Saint-Jean,200,2,2,0,200,0,0,0,2023-11-20
Parti libéral du Québec,2023,930,Roberval,270,6,5,1,220,50,0.16666666666666666,0.18518518518518517,2023-11-20
Parti libéral du Québec,2023,NA,NA,125,2,0,2,0,125,1,1,2023-11-20
Parti québécois,2023,104,Mégantic,3535,50,41,9,3095,440,0.18,0.12446958981612447,2023-11-20
Parti québécois,2023,110,Saint-François,4729.98,67,52,15,3818.33,911.65,0.22388059701492538,0.19273865851441233,2023-11-20
Parti québécois,2023,116,Sherbrooke,10555,134,106,28,8645,1910,0.208955223880597,0.18095689246802463,2023-11-20
Parti québécois,2023,120,Orford,6429.98,87,60,27,4729.98,1700,0.3103448275862069,0.2643865144215068,2023-11-20
Parti québécois,2023,126,Johnson,4185,56,49,7,3945,240,0.125,0.05734767025089606,2023-11-20
Parti québécois,2023,132,Richmond,6431.97,87,70,17,5459.97,972,0.19540229885057472,0.15112010783632385,2023-11-20
Parti québécois,2023,138,Drummond-Bois-Francs,3475,46,39,7,2965,510,0.15217391304347827,0.14676258992805755,2023-11-20
Parti québécois,2023,144,Arthabaska,3410,43,34,9,2850,560,0.20930232558139536,0.16422287390029325,2023-11-20
Parti québécois,2023,150,Nicolet-Bécancour,5395,74,59,15,4475,920,0.20270270270270271,0.1705282669138091,2023-11-20
Parti québécois,2023,204,Brome-Missisquoi,4810,64,51,13,4050,760,0.203125,0.158004158004158,2023-11-20
Parti québécois,2023,206,Granby,3405,42,31,11,2525,880,0.2619047619047619,0.25844346549192365,2023-11-20
Parti québécois,2023,210,Iberville,1785.31,27,25,2,1733.31,52,0.07407407407407407,0.029126594260940677,2023-11-20
Parti québécois,2023,212,Saint-Jean,5955,82,70,12,5140,815,0.14634146341463414,0.13685978169605373,2023-11-20
Parti québécois,2023,216,Huntingdon,1980,24,22,2,1855,125,0.08333333333333333,0.06313131313131314,2023-11-20
Parti québécois,2023,218,Beauharnois,4060,56,42,14,3180,880,0.25,0.21674876847290642,2023-11-20
Parti québécois,2023,220,Soulanges,2830,44,33,11,1960,870,0.25,0.30742049469964666,2023-11-20
Parti québécois,2023,224,Vaudreuil,2733,39,30,9,2013,720,0.23076923076923078,0.26344676180021953,2023-11-20
Parti québécois,2023,226,Châteauguay,2325,29,24,5,1875,450,0.1724137931034483,0.1935483870967742,2023-11-20
Parti québécois,2023,230,Sanguinet,1415,19,16,3,1205,210,0.15789473684210525,0.14840989399293286,2023-11-20
Parti québécois,2023,232,La Prairie,2895,39,30,9,2330,565,0.23076923076923078,0.19516407599309155,2023-11-20
Parti québécois,2023,236,La Pinière,3610,48,39,9,2860,750,0.1875,0.2077562326869806,2023-11-20
Parti québécois,2023,238,Chambly,4365,63,53,10,3770,595,0.15873015873015872,0.13631156930126,2023-11-20
Parti québécois,2023,240,Vachon,4480,63,49,14,3605,875,0.2222222222222222,0.1953125,2023-11-20
Parti québécois,2023,244,Laporte,5200,69,55,14,4260,940,0.2028985507246377,0.18076923076923077,2023-11-20
Parti québécois,2023,246,Marie-Victorin,7735,104,90,14,7065,670,0.1346153846153846,0.08661926308985132,2023-11-20
Parti québécois,2023,250,Taillon,10790,134,107,27,8705,2085,0.20149253731343283,0.1932344763670065,2023-11-20
Parti québécois,2023,252,Montarville,8455,103,90,13,7615,840,0.1262135922330097,0.09934949733885275,2023-11-20
Parti québécois,2023,256,Verchères,8033,117,95,22,6823,1210,0.18803418803418803,0.1506286567907382,2023-11-20
Parti québécois,2023,258,Borduas,8305,112,94,18,7515,790,0.16071428571428573,0.09512341962673089,2023-11-20
Parti québécois,2023,260,Saint-Hyacinthe,9852,152,131,21,8677,1175,0.13815789473684212,0.11926512383272432,2023-11-20
Parti québécois,2023,264,Richelieu,4219.98,63,53,10,3689.98,530,0.15873015873015872,0.12559301228915778,2023-11-20
Parti québécois,2023,300,Verdun,4505,52,45,7,3855,650,0.1346153846153846,0.14428412874583796,2023-11-20
Parti québécois,2023,304,Marguerite-Bourgeoys,2375,30,27,3,2125,250,0.1,0.10526315789473684,2023-11-20
Parti québécois,2023,306,Marquette,1492,21,16,5,1150,342,0.23809523809523808,0.2292225201072386,2023-11-20
Parti québécois,2023,310,Jacques-Cartier,1450,16,12,4,1050,400,0.25,0.27586206896551724,2023-11-20
Parti québécois,2023,312,Nelligan,1705,23,19,4,1355,350,0.17391304347826086,0.20527859237536658,2023-11-20
Parti québécois,2023,316,Robert-Baldwin,850,9,9,0,850,0,0,0,2023-11-20
Parti québécois,2023,318,Saint-Laurent,2030,25,22,3,1840,190,0.12,0.09359605911330049,2023-11-20
Parti québécois,2023,320,D'Arcy-McGee,655,8,6,2,550,105,0.25,0.16030534351145037,2023-11-20
Parti québécois,2023,324,Notre-Dame-de-Grâce,3300,36,30,6,2805,495,0.16666666666666666,0.15,2023-11-20
Parti québécois,2023,326,Saint-Henri-Sainte-Anne,4700,38,30,8,3950,750,0.21052631578947367,0.1595744680851064,2023-11-20
Parti québécois,2023,330,Sainte-Marie-Saint-Jacques,9580.94,115,91,24,7874.94,1706,0.20869565217391303,0.17806186031850735,2023-11-20
Parti québécois,2023,332,Westmount-Saint-Louis,2186,31,22,9,1505,681,0.2903225806451613,0.31152790484903936,2023-11-20
Parti québécois,2023,336,Mont-Royal-Outremont,7100,87,67,20,5580,1520,0.22988505747126436,0.2140845070422535,2023-11-20
Parti québécois,2023,338,Acadie,6475,82,63,19,4930,1545,0.23170731707317074,0.2386100386100386,2023-11-20
Parti québécois,2023,340,Maurice-Richard,11675.32,162,127,35,9305,2370.32,0.21604938271604937,0.20301970310021483,2023-11-20
Parti québécois,2023,344,Laurier-Dorion,3435,40,33,7,2900,535,0.175,0.15574963609898107,2023-11-20
Parti québécois,2023,346,Gouin,5898.3,75,57,18,4613.3,1285,0.24,0.21785938321211196,2023-11-20
Parti québécois,2023,350,Mercier,7370,94,78,16,6390,980,0.1702127659574468,0.13297150610583447,2023-11-20
Parti québécois,2023,352,Hochelaga-Maisonneuve,5485,78,60,18,4575,910,0.23076923076923078,0.1659070191431176,2023-11-20
Parti québécois,2023,356,Rosemont,9227,121,97,24,7915,1312,0.19834710743801653,0.14219139481955131,2023-11-20
Parti québécois,2023,358,Viau,1615,20,18,2,1530,85,0.1,0.05263157894736842,2023-11-20
Parti québécois,2023,360,Bourassa-Sauvé,1945,28,22,6,1625,320,0.21428571428571427,0.16452442159383032,2023-11-20
Parti québécois,2023,364,Jeanne-Mance-Viger,1400,18,12,6,950,450,0.3333333333333333,0.32142857142857145,2023-11-20
Parti québécois,2023,366,Anjou-Louis-Riel,4415,58,48,10,3620,795,0.1724137931034483,0.18006795016987542,2023-11-20
Parti québécois,2023,370,Camille-Laurin,11580,149,99,50,8005,3575,0.33557046979865773,0.30872193436960277,2023-11-20
Parti québécois,2023,380,Pointe-aux-Trembles,5138.3,76,59,17,4458.3,680,0.2236842105263158,0.13233948971449702,2023-11-20
Parti québécois,2023,390,LaFontaine,2095,27,19,8,1495,600,0.2962962962962963,0.2863961813842482,2023-11-20
Parti québécois,2023,454,Laval-des-Rapides,4135,57,45,12,3305,830,0.21052631578947367,0.2007255139056832,2023-11-20
Parti québécois,2023,460,Chomedey,3640,51,40,11,3160,480,0.21568627450980393,0.13186813186813187,2023-11-20
Parti québécois,2023,466,Fabre,3050,51,42,9,2685,365,0.17647058823529413,0.11967213114754098,2023-11-20
Parti québécois,2023,470,Sainte-Rose,7985,132,107,25,6790,1195,0.1893939393939394,0.14965560425798372,2023-11-20
Parti québécois,2023,476,Vimont,3015,47,41,6,2620,395,0.1276595744680851,0.1310116086235489,2023-11-20
Parti québécois,2023,482,Mille-Îles,4645,77,62,15,3965,680,0.19480519480519481,0.14639397201291712,2023-11-20
Parti québécois,2023,502,Groulx,3745.71,49,43,6,3443.31,302.4,0.12244897959183673,0.08073235781734303,2023-11-20
Parti québécois,2023,508,Deux-Montagnes,5487,73,55,18,4167,1320,0.2465753424657534,0.2405686167304538,2023-11-20
Parti québécois,2023,514,Mirabel,1895,29,22,7,1435,460,0.2413793103448276,0.24274406332453827,2023-11-20
Parti québécois,2023,520,Argenteuil,3106.65,43,34,9,2521.65,585,0.20930232558139536,0.18830573125392303,2023-11-20
Parti québécois,2023,526,Saint-Jérôme,6725,100,74,26,5185,1540,0.26,0.22899628252788104,2023-11-20
Parti québécois,2023,530,Les Plaines,2325,36,30,6,2025,300,0.16666666666666666,0.12903225806451613,2023-11-20
Parti québécois,2023,536,Blainville,2755,38,30,8,2130,625,0.21052631578947367,0.22686025408348456,2023-11-20
Parti québécois,2023,542,Terrebonne,4810,73,59,14,4065,745,0.1917808219178082,0.1548856548856549,2023-11-20
Parti québécois,2023,548,Masson,3145,40,36,4,2820,325,0.1,0.10333863275039745,2023-11-20
Parti québécois,2023,554,L'Assomption,3110,45,34,11,2435,675,0.24444444444444444,0.2170418006430868,2023-11-20
Parti québécois,2023,560,Repentigny,7645.5,100,90,10,6975,670.5,0.1,0.08769864626250735,2023-11-20
Parti québécois,2023,566,Berthier,7280,96,77,19,6080,1200,0.19791666666666666,0.16483516483516483,2023-11-20
Parti québécois,2023,570,Joliette,14818.3,210,167,43,12033.31,2784.99,0.20476190476190476,0.18794261150064448,2023-11-20
Parti québécois,2023,576,Rousseau,4410,53,43,10,3645,765,0.18867924528301888,0.17346938775510204,2023-11-20
Parti québécois,2023,582,Prévost,4775,61,49,12,4015,760,0.19672131147540983,0.15916230366492146,2023-11-20
Parti québécois,2023,588,Bertrand,6230,77,61,16,5080,1150,0.2077922077922078,0.18459069020866772,2023-11-20
Parti québécois,2023,594,Labelle,5574.98,76,61,15,4539.98,1035,0.19736842105263158,0.1856508902274089,2023-11-20
Parti québécois,2023,602,Hull,7580,93,85,8,7210,370,0.08602150537634409,0.048812664907651716,2023-11-20
Parti québécois,2023,608,Pontiac,3045,40,31,9,2225,820,0.225,0.26929392446633826,2023-11-20
Parti québécois,2023,614,Gatineau,4385,59,46,13,3555,830,0.22033898305084745,0.18928164196123148,2023-11-20
Parti québécois,2023,620,Chapleau,2885,38,31,7,2410,475,0.18421052631578946,0.16464471403812825,2023-11-20
Parti québécois,2023,626,Papineau,2790,37,28,9,2220,570,0.24324324324324326,0.20430107526881722,2023-11-20
Parti québécois,2023,636,Rouyn-Noranda-Témiscamingue,4095,53,45,8,3800,295,0.1509433962264151,0.07203907203907203,2023-11-20
Parti québécois,2023,642,Abitibi-Ouest,1855,33,28,5,1700,155,0.15151515151515152,0.08355795148247978,2023-11-20
Parti québécois,2023,648,Abitibi-Est,3205,45,32,13,2385,820,0.28888888888888886,0.25585023400936036,2023-11-20
Parti québécois,2023,660,Trois-Rivières,8819.98,120,93,27,7155,1664.98,0.225,0.18877367068859568,2023-11-20
Parti québécois,2023,666,Maskinongé,3397,44,35,9,2655,742,0.20454545454545456,0.21842802472770093,2023-11-20
Parti québécois,2023,670,Laviolette-Saint-Maurice,6222,90,79,11,5717,505,0.12222222222222222,0.08116361298617808,2023-11-20
Parti québécois,2023,676,Champlain,5143,68,60,8,4418,725,0.11764705882352941,0.14096830643593233,2023-11-20
Parti québécois,2023,702,Jean-Talon,28820,279,208,71,22115,6705,0.25448028673835127,0.23265093684941013,2023-11-20
Parti québécois,2023,708,Louis-Hébert,13022,163,136,27,11300,1722,0.1656441717791411,0.13223775149746583,2023-11-20
Parti québécois,2023,714,Portneuf,2908,48,41,7,2608,300,0.14583333333333334,0.1031636863823934,2023-11-20
Parti québécois,2023,720,La Peltrie,3100,42,32,10,2515,585,0.23809523809523808,0.18870967741935485,2023-11-20
Parti québécois,2023,726,Vanier-Les Rivières,3540,52,38,14,2730,810,0.2692307692307692,0.2288135593220339,2023-11-20
Parti québécois,2023,730,Taschereau,24364,308,254,54,20797,3567,0.17532467532467533,0.1464045312756526,2023-11-20
Parti québécois,2023,736,Jean-Lesage,5140,68,51,17,4070,1070,0.25,0.20817120622568094,2023-11-20
Parti québécois,2023,742,Montmorency,4570,65,49,16,3320,1250,0.24615384615384617,0.2735229759299781,2023-11-20
Parti québécois,2023,748,Charlesbourg,5425.3,78,69,9,4803.3,622,0.11538461538461539,0.11464803789652185,2023-11-20
Parti québécois,2023,754,Chauveau,4815,64,51,13,3995,820,0.203125,0.1703011422637591,2023-11-20
Parti québécois,2023,760,Charlevoix-Côte-de-Beaupré,6116,102,78,24,5273,843,0.23529411764705882,0.1378351863963375,2023-11-20
Parti québécois,2023,802,Beauce-Sud,2360,29,26,3,2120,240,0.10344827586206896,0.1016949152542373,2023-11-20
Parti québécois,2023,806,Beauce-Nord,1725,22,17,5,1390,335,0.22727272727272727,0.19420289855072465,2023-11-20
Parti québécois,2023,810,Lotbinière-Frontenac,4359.98,58,44,14,3444.98,915,0.2413793103448276,0.20986334799700918,2023-11-20
Parti québécois,2023,814,Chutes-de-la-Chaudière,5335,64,48,16,4250,1085,0.25,0.20337394564198688,2023-11-20
Parti québécois,2023,818,Lévis,5890,75,64,11,5020,870,0.14666666666666667,0.14770797962648557,2023-11-20
Parti québécois,2023,822,Bellechasse,2865,36,31,5,2445,420,0.1388888888888889,0.14659685863874344,2023-11-20
Parti québécois,2023,826,Côte-du-Sud,5750,76,62,14,4710,1040,0.18421052631578946,0.1808695652173913,2023-11-20
Parti québécois,2023,834,Rivière-du-Loup-Témiscouata,2865,42,35,7,2545,320,0.16666666666666666,0.11169284467713787,2023-11-20
Parti québécois,2023,838,Rimouski,8475,124,85,39,5820,2655,0.31451612903225806,0.31327433628318585,2023-11-20
Parti québécois,2023,842,Matane-Matapédia,13775,194,138,56,10930,2845,0.28865979381443296,0.20653357531760436,2023-11-20
Parti québécois,2023,850,Bonaventure,4435,65,52,13,3750,685,0.2,0.1544532130777903,2023-11-20
Parti québécois,2023,854,Gaspé,3150.52,48,30,18,2298.3,852.22,0.375,0.2705013775503726,2023-11-20
Parti québécois,2023,858,Îles-de-la-Madeleine,1710,21,15,6,1420,290,0.2857142857142857,0.1695906432748538,2023-11-20
Parti québécois,2023,902,Duplessis,2325,33,24,9,1805,520,0.2727272727272727,0.22365591397849463,2023-11-20
Parti québécois,2023,906,René-Lévesque,2610,38,31,7,2200,410,0.18421052631578946,0.15708812260536398,2023-11-20
Parti québécois,2023,914,Dubuc,2665,35,30,5,2365,300,0.14285714285714285,0.1125703564727955,2023-11-20
Parti québécois,2023,918,Chicoutimi,5600,77,69,8,5055,545,0.1038961038961039,0.09732142857142857,2023-11-20
Parti québécois,2023,922,Jonquière,3850,57,43,14,2990,860,0.24561403508771928,0.22337662337662337,2023-11-20
Parti québécois,2023,926,Lac-Saint-Jean,3415,56,42,14,2665,750,0.25,0.21961932650073207,2023-11-20
Parti québécois,2023,930,Roberval,4721.64,69,60,9,4326.64,395,0.13043478260869565,0.08365737328555332,2023-11-20
Parti québécois,2023,938,Ungava,515,9,7,2,465,50,0.2222222222222222,0.0970873786407767,2023-11-20
Parti québécois,2023,NA,NA,480,8,2,6,150,330,0.75,0.6875,2023-11-20
Québec solidaire,2023,104,Mégantic,1250,16,13,3,1150,100,0.1875,0.08,2023-11-20
Québec solidaire,2023,110,Saint-François,2703.3,39,33,6,2390,313.3,0.15384615384615385,0.1158953871194466,2023-11-20
Québec solidaire,2023,116,Sherbrooke,5333.63,64,50,14,4306.63,1027,0.21875,0.19255178930671982,2023-11-20
Québec solidaire,2023,120,Orford,2170,31,22,9,1595,575,0.2903225806451613,0.26497695852534564,2023-11-20
Québec solidaire,2023,126,Johnson,670,10,6,4,525,145,0.4,0.21641791044776118,2023-11-20
Québec solidaire,2023,132,Richmond,3299.9,41,32,9,2789.9,510,0.21951219512195122,0.15455013788296615,2023-11-20
Québec solidaire,2023,138,Drummond-Bois-Francs,516.59,7,6,1,466.59,50,0.14285714285714285,0.09678855572117152,2023-11-20
Québec solidaire,2023,144,Arthabaska,1881.57,22,18,4,1601.57,280,0.18181818181818182,0.1488118964481789,2023-11-20
Québec solidaire,2023,150,Nicolet-Bécancour,450,6,4,2,325,125,0.3333333333333333,0.2777777777777778,2023-11-20
Québec solidaire,2023,204,Brome-Missisquoi,2383.2,28,25,3,2083.2,300,0.10714285714285714,0.12588116817724068,2023-11-20
Québec solidaire,2023,206,Granby,560.6,8,6,2,396.6,164,0.25,0.2925437031751694,2023-11-20
Québec solidaire,2023,210,Iberville,1378.3,16,10,6,868.3,510,0.375,0.3700210404121019,2023-11-20
Québec solidaire,2023,212,Saint-Jean,775,9,7,2,700,75,0.2222222222222222,0.0967741935483871,2023-11-20
Québec solidaire,2023,216,Huntingdon,493.3,8,7,1,468.3,25,0.125,0.05067909993918508,2023-11-20
Québec solidaire,2023,218,Beauharnois,1049.9,15,10,5,849.9,200,0.3333333333333333,0.19049433279359937,2023-11-20
Québec solidaire,2023,220,Soulanges,375,5,5,0,375,0,0,0,2023-11-20
Québec solidaire,2023,224,Vaudreuil,300,4,4,0,300,0,0,0,2023-11-20
Québec solidaire,2023,226,Châteauguay,635,9,8,1,610,25,0.1111111111111111,0.03937007874015748,2023-11-20
Québec solidaire,2023,230,Sanguinet,383.3,4,3,1,283.3,100,0.25,0.26089225150013046,2023-11-20
Québec solidaire,2023,236,La Pinière,660,7,6,1,560,100,0.14285714285714285,0.15151515151515152,2023-11-20
Québec solidaire,2023,238,Chambly,345,9,6,3,300,45,0.3333333333333333,0.13043478260869565,2023-11-20
Québec solidaire,2023,240,Vachon,740,9,9,0,740,0,0,0,2023-11-20
Québec solidaire,2023,244,Laporte,1986.6,26,22,4,1881.6,105,0.15384615384615385,0.052854122621564484,2023-11-20
Québec solidaire,2023,246,Marie-Victorin,2581.47,33,27,6,2261.47,320,0.18181818181818182,0.12396037916380978,2023-11-20
Québec solidaire,2023,250,Taillon,2874.85,34,32,2,2724.85,150,0.058823529411764705,0.052176635302711445,2023-11-20
Québec solidaire,2023,252,Montarville,1071.64,16,13,3,976.64,95,0.1875,0.08864917322981597,2023-11-20
Québec solidaire,2023,256,Verchères,1406.62,20,15,5,1243.3,163.32,0.25,0.11610811733090672,2023-11-20
Québec solidaire,2023,258,Borduas,1943.3,25,21,4,1768.3,175,0.16,0.09005300262440179,2023-11-20
Québec solidaire,2023,260,Saint-Hyacinthe,1154,14,11,3,1025,129,0.21428571428571427,0.11178509532062392,2023-11-20
Québec solidaire,2023,264,Richelieu,383.3,5,5,0,383.3,0,0,0,2023-11-20
Québec solidaire,2023,300,Verdun,6049.9,81,56,25,4749.9,1300,0.30864197530864196,0.2148795847865254,2023-11-20
Québec solidaire,2023,304,Marguerite-Bourgeoys,760,11,8,3,540,220,0.2727272727272727,0.2894736842105263,2023-11-20
Québec solidaire,2023,306,Marquette,300,3,2,1,200,100,0.3333333333333333,0.3333333333333333,2023-11-20
Québec solidaire,2023,310,Jacques-Cartier,245,5,3,2,120,125,0.4,0.5102040816326531,2023-11-20
Québec solidaire,2023,312,Nelligan,175,2,2,0,175,0,0,0,2023-11-20
Québec solidaire,2023,316,Robert-Baldwin,20,1,1,0,20,0,0,0,2023-11-20
Québec solidaire,2023,318,Saint-Laurent,370,5,4,1,270,100,0.2,0.2702702702702703,2023-11-20
Québec solidaire,2023,320,D'Arcy-McGee,575,7,6,1,525,50,0.14285714285714285,0.08695652173913043,2023-11-20
Québec solidaire,2023,324,Notre-Dame-de-Grâce,1108.3,17,13,4,933.3,175,0.23529411764705882,0.157899485698818,2023-11-20
Québec solidaire,2023,326,Saint-Henri-Sainte-Anne,5243.3,52,36,16,4148.3,1095,0.3076923076923077,0.20883794556863045,2023-11-20
Québec solidaire,2023,330,Sainte-Marie-Saint-Jacques,8119.68,101,77,24,6459.7,1659.98,0.2376237623762376,0.20443909119571213,2023-11-20
Québec solidaire,2023,332,Westmount-Saint-Louis,1180,16,7,9,565,615,0.5625,0.5211864406779662,2023-11-20
Québec solidaire,2023,336,Mont-Royal-Outremont,2938.3,38,32,6,2618.3,320,0.15789473684210525,0.10890651056733484,2023-11-20
Québec solidaire,2023,338,Acadie,1558.3,23,17,6,1318.3,240,0.2608695652173913,0.1540139896040557,2023-11-20
Québec solidaire,2023,340,Maurice-Richard,4813.19,65,51,14,4066.53,746.66,0.2153846153846154,0.15512788815733433,2023-11-20
Québec solidaire,2023,344,Laurier-Dorion,7938.1,109,80,29,6188.1,1750,0.26605504587155965,0.2204557765712198,2023-11-20
Québec solidaire,2023,346,Gouin,8635.67,116,95,21,7262.35,1373.32,0.1810344827586207,0.1590287725214141,2023-11-20
Québec solidaire,2023,350,Mercier,9767.67,113,91,22,8167.67,1600,0.19469026548672566,0.16380569777644002,2023-11-20
Québec solidaire,2023,352,Hochelaga-Maisonneuve,7482.96,100,78,22,6337.96,1145,0.22,0.15301431519078013,2023-11-20
Québec solidaire,2023,356,Rosemont,6047.67,79,59,20,4777.67,1270,0.25316455696202533,0.2099982307235679,2023-11-20
Québec solidaire,2023,358,Viau,1603.3,21,20,1,1578.3,25,0.047619047619047616,0.015592839767978544,2023-11-20
Québec solidaire,2023,360,Bourassa-Sauvé,720,9,7,2,620,100,0.2222222222222222,0.1388888888888889,2023-11-20
Québec solidaire,2023,364,Jeanne-Mance-Viger,458.3,5,4,1,383.3,75,0.2,0.16364826532838753,2023-11-20
Québec solidaire,2023,366,Anjou-Louis-Riel,1053.3,16,13,3,903.3,150,0.1875,0.14240956992309883,2023-11-20
Québec solidaire,2023,370,Camille-Laurin,2165.3,31,23,8,1745.3,420,0.25806451612903225,0.19396850320971687,2023-11-20
Québec solidaire,2023,380,Pointe-aux-Trembles,525,6,6,0,525,0,0,0,2023-11-20
Québec solidaire,2023,390,LaFontaine,150,3,3,0,150,0,0,0,2023-11-20
Québec solidaire,2023,454,Laval-des-Rapides,1218.3,16,14,2,1098.3,120,0.125,0.09849790691947796,2023-11-20
Québec solidaire,2023,460,Chomedey,730,8,4,4,380,350,0.5,0.4794520547945205,2023-11-20
Québec solidaire,2023,466,Fabre,440,5,4,1,400,40,0.2,0.09090909090909091,2023-11-20
Québec solidaire,2023,470,Sainte-Rose,671,12,4,8,235,436,0.6666666666666666,0.6497764530551415,2023-11-20
Québec solidaire,2023,476,Vimont,725,9,6,3,550,175,0.3333333333333333,0.2413793103448276,2023-11-20
Québec solidaire,2023,482,Mille-Îles,638.3,9,6,3,583.3,55,0.3333333333333333,0.08616637944540186,2023-11-20
Québec solidaire,2023,502,Groulx,835,12,12,0,835,0,0,0,2023-11-20
Québec solidaire,2023,508,Deux-Montagnes,824.96,12,9,3,599.96,225,0.25,0.2727404965089216,2023-11-20
Québec solidaire,2023,514,Mirabel,370,7,5,2,265,105,0.2857142857142857,0.28378378378378377,2023-11-20
Québec solidaire,2023,520,Argenteuil,755,10,9,1,655,100,0.1,0.13245033112582782,2023-11-20
Québec solidaire,2023,526,Saint-Jérôme,1020,13,12,1,995,25,0.07692307692307693,0.024509803921568627,2023-11-20
Québec solidaire,2023,530,Les Plaines,250,3,1,2,50,200,0.6666666666666666,0.8,2023-11-20
Québec solidaire,2023,536,Blainville,1076.63,15,10,5,801.63,275,0.3333333333333333,0.255426655396933,2023-11-20
Québec solidaire,2023,542,Terrebonne,375,6,4,2,300,75,0.3333333333333333,0.2,2023-11-20
Québec solidaire,2023,548,Masson,552,9,5,4,450,102,0.4444444444444444,0.18478260869565216,2023-11-20
Québec solidaire,2023,554,L'Assomption,519.9,7,5,2,399.9,120,0.2857142857142857,0.2308136180034622,2023-11-20
Québec solidaire,2023,560,Repentigny,473.3,7,3,4,283.3,190,0.5714285714285714,0.4014367208958377,2023-11-20
Québec solidaire,2023,566,Berthier,2311.6,37,29,8,2046.6,265,0.21621621621621623,0.11463921093614812,2023-11-20
Québec solidaire,2023,570,Joliette,1106.26,17,15,2,1071.26,35,0.11764705882352941,0.03163813208468172,2023-11-20
Québec solidaire,2023,576,Rousseau,273.3,5,4,1,243.3,30,0.2,0.10976948408342481,2023-11-20
Québec solidaire,2023,582,Prévost,925,13,9,4,700,225,0.3076923076923077,0.24324324324324326,2023-11-20
Québec solidaire,2023,588,Bertrand,2241.6,32,23,9,1631.6,610,0.28125,0.27212705210563887,2023-11-20
Québec solidaire,2023,594,Labelle,1178.2,16,15,1,1153.2,25,0.0625,0.021218808351722965,2023-11-20
Québec solidaire,2023,602,Hull,2675.8,32,25,7,2245.8,430,0.21875,0.16069960385679047,2023-11-20
Québec solidaire,2023,608,Pontiac,1606.6,18,16,2,1406.6,200,0.1111111111111111,0.12448649321548613,2023-11-20
Québec solidaire,2023,614,Gatineau,645,8,6,2,525,120,0.25,0.18604651162790697,2023-11-20
Québec solidaire,2023,620,Chapleau,533.3,6,6,0,533.3,0,0,0,2023-11-20
Québec solidaire,2023,626,Papineau,1174.8799999999999,17,17,0,1174.8799999999999,0,0,0,2023-11-20
Québec solidaire,2023,636,Rouyn-Noranda-Témiscamingue,3693.2,52,41,11,3198.2,495,0.21153846153846154,0.1340301093902307,2023-11-20
Québec solidaire,2023,642,Abitibi-Ouest,500,8,8,0,500,0,0,0,2023-11-20
Québec solidaire,2023,648,Abitibi-Est,730,9,6,3,525,205,0.3333333333333333,0.2808219178082192,2023-11-20
Québec solidaire,2023,660,Trois-Rivières,2551.5,35,31,4,2236.5,315,0.11428571428571428,0.12345679012345678,2023-11-20
Québec solidaire,2023,666,Maskinongé,1111.6,14,10,4,866.6,245,0.2857142857142857,0.2204030226700252,2023-11-20
Québec solidaire,2023,670,Laviolette-Saint-Maurice,711.55,11,5,6,408.3,303.25,0.5454545454545454,0.42618227812521964,2023-11-20
Québec solidaire,2023,676,Champlain,1599.9,21,16,5,1254.9,345,0.23809523809523808,0.2156384774048378,2023-11-20
Québec solidaire,2023,702,Jean-Talon,5331.11,51,32,19,3705,1626.11,0.37254901960784315,0.30502278137198446,2023-11-20
Québec solidaire,2023,708,Louis-Hébert,1328.3,18,14,4,1078.3,250,0.2222222222222222,0.18821049461717987,2023-11-20
Québec solidaire,2023,714,Portneuf,720,9,8,1,715,5,0.1111111111111111,0.006944444444444444,2023-11-20
Québec solidaire,2023,720,La Peltrie,338.3,9,8,1,328.3,10,0.1111111111111111,0.029559562518474726,2023-11-20
Québec solidaire,2023,726,Vanier-Les Rivières,881.66,14,6,8,391.66,490,0.5714285714285714,0.5557697978812695,2023-11-20
Québec solidaire,2023,730,Taschereau,10202.19,140,108,32,8667.28,1534.91,0.22857142857142856,0.15044907024864268,2023-11-20
Québec solidaire,2023,736,Jean-Lesage,7149.01,99,72,27,5946.5,1202.51,0.2727272727272727,0.16820650691494346,2023-11-20
Québec solidaire,2023,742,Montmorency,1398.27,18,13,5,1033.27,365,0.2777777777777778,0.2610368526822431,2023-11-20
Québec solidaire,2023,748,Charlesbourg,1760,26,17,9,1210,550,0.34615384615384615,0.3125,2023-11-20
Québec solidaire,2023,754,Chauveau,345,5,4,1,245,100,0.2,0.2898550724637681,2023-11-20
Québec solidaire,2023,760,Charlevoix-Côte-de-Beaupré,991.61,17,11,6,766.61,225,0.35294117647058826,0.22690372222950556,2023-11-20
Québec solidaire,2023,802,Beauce-Sud,363.33,6,5,1,333.33,30,0.16666666666666666,0.0825695648583932,2023-11-20
Québec solidaire,2023,806,Beauce-Nord,68.31,2,1,1,58.31,10,0.5,0.1463914507392768,2023-11-20
Québec solidaire,2023,810,Lotbinière-Frontenac,858.3,10,8,2,733.3,125,0.2,0.14563672375626238,2023-11-20
Québec solidaire,2023,814,Chutes-de-la-Chaudière,535,9,5,4,340,195,0.4444444444444444,0.3644859813084112,2023-11-20
Québec solidaire,2023,818,Lévis,1738.3,24,19,5,1533.3,205,0.20833333333333334,0.11793131220157625,2023-11-20
Québec solidaire,2023,822,Bellechasse,560,7,5,2,360,200,0.2857142857142857,0.35714285714285715,2023-11-20
Québec solidaire,2023,826,Côte-du-Sud,846.6,12,11,1,821.6,25,0.08333333333333333,0.029529884242853768,2023-11-20
Québec solidaire,2023,834,Rivière-du-Loup-Témiscouata,1591.6,20,19,1,1491.6,100,0.05,0.06282985674792661,2023-11-20
Québec solidaire,2023,838,Rimouski,2326.6,32,23,9,1791.6,535,0.28125,0.2299492822143901,2023-11-20
Québec solidaire,2023,842,Matane-Matapédia,481.99,8,7,1,381.99,100,0.125,0.20747318409095625,2023-11-20
Québec solidaire,2023,850,Bonaventure,1870,26,24,2,1745,125,0.07692307692307693,0.06684491978609626,2023-11-20
Québec solidaire,2023,854,Gaspé,1243.2,20,15,5,968.2,275,0.25,0.2212033462033462,2023-11-20
Québec solidaire,2023,858,Îles-de-la-Madeleine,83.3,1,1,0,83.3,0,0,0,2023-11-20
Québec solidaire,2023,902,Duplessis,523.3,8,4,4,298.3,225,0.5,0.42996369195490164,2023-11-20
Québec solidaire,2023,906,René-Lévesque,50,1,1,0,50,0,0,0,2023-11-20
Québec solidaire,2023,914,Dubuc,475,6,5,1,425,50,0.16666666666666666,0.10526315789473684,2023-11-20
Québec solidaire,2023,918,Chicoutimi,1669.9,21,19,2,1609.9,60,0.09523809523809523,0.035930295227259115,2023-11-20
Québec solidaire,2023,922,Jonquière,445,7,5,2,370,75,0.2857142857142857,0.16853932584269662,2023-11-20
Québec solidaire,2023,926,Lac-Saint-Jean,516.6,7,6,1,506.6,10,0.14285714285714285,0.01935733643050716,2023-11-20
Québec solidaire,2023,930,Roberval,408.3,8,7,1,316.63,91.67,0.125,0.2245162870438403,2023-11-20
Québec solidaire,2023,938,Ungava,200,2,0,2,0,200,1,1,2023-11-20
Québec solidaire,2023,NA,NA,230,3,0,3,0,230,1,1,2023-11-20
