entite_politique,annee_financiere,montant_cumulatif,donateurs,anciens_donateurs,nouveaux_donateurs,cumulatif_anciens,cumulatif_nouveaux,pct_nouveaux_donateurs,pct_cumulatif_nouveaux,date_cumulatif,diff_hier,diff_semaine
Coalition avenir Québec,2023,446470.21,5070,3594,1476,321198,125272.21,0.2911242603550296,0.28058358025723595,2023-08-13,0,1205.350000000035
Parti conservateur du Québec,2023,42462.6,744,521,223,32078.12,10384.48,0.29973118279569894,0.24455591508763003,2023-08-13,0,470
Parti libéral du Québec,2023,136950.54,1748,1232,516,98806.21,38144.33,0.2951945080091533,0.2785263205241834,2023-08-13,200,2868
Parti québécois,2023,496457.96,6722,5514,1208,421053.48,75404.48,0.1797084201130616,0.151884924959205,2023-08-13,228,9384.660000000033
Québec solidaire,2023,134938.36,1793,1442,351,113731.09,21207.27,0.19576129392080313,0.15716264818988465,2023-08-13,105,434.28999999997905
Coalition avenir Québec,2023,446470.21,5070,3594,1476,321198,125272.21,0.2911242603550296,0.28058358025723595,2023-08-12,0,1505.350000000035
Parti conservateur du Québec,2023,42462.6,744,521,223,32078.12,10384.48,0.29973118279569894,0.24455591508763003,2023-08-12,10,545
Parti libéral du Québec,2023,136750.54,1746,1231,515,98706.21,38044.33,0.2949599083619702,0.27820241148590713,2023-08-12,300,2668
Parti québécois,2023,496229.96,6719,5513,1206,420945.48,75284.48,0.17949099568388152,0.15171288730732824,2023-08-12,525,9177.990000000049
Québec solidaire,2023,134833.36,1792,1441,351,113626.09,21207.27,0.19587053571428573,0.15728503687811388,2023-08-12,29.65999999997439,379.2699999999895
Coalition avenir Québec,2023,446470.21,5070,3594,1476,321198,125272.21,0.2911242603550296,0.28058358025723595,2023-08-11,300,1705.350000000035
Parti conservateur du Québec,2023,42452.6,743,521,222,32078.12,10374.48,0.29878869448183043,0.24437796507163284,2023-08-11,100,643.3300000000017
Parti libéral du Québec,2023,136450.54,1743,1229,514,98506.21,37944.33,0.2948938611589214,0.2780812007046656,2023-08-11,100,2556.3000000000175
Parti québécois,2023,495704.96,6712,5507,1205,420520.48,75184.48,0.17952920143027415,0.15167183318076946,2023-08-11,1195,8965.300000000047
Québec solidaire,2023,134803.7,1792,1441,351,113596.43,21207.27,0.19587053571428573,0.15731964330355916,2023-08-11,33.3300000000163,1129.5100000000093
Coalition avenir Québec,2023,446170.21,5067,3592,1475,320998,125172.21,0.2910992697848826,0.2805481118965787,2023-08-10,305.3500000000349,1590.350000000035
Parti conservateur du Québec,2023,42352.6,742,520,222,31978.12,10374.48,0.2991913746630728,0.2449549732483956,2023-08-10,30,643.3300000000017
Parti libéral du Québec,2023,136350.54,1742,1229,513,98506.21,37844.33,0.2944890929965557,0.27755174273603905,2023-08-10,2075,2456.3000000000175
Parti québécois,2023,494509.96,6697,5499,1198,419770.48,74739.48,0.1788860683888308,0.15113847251934015,2023-08-10,6096.660000000033,8065.300000000047
Québec solidaire,2023,134770.37,1791,1441,350,113588.1,21182.27,0.1954215522054718,0.1571730492392356,2023-08-10,124.63999999998487,1437.8399999999965
Coalition avenir Québec,2023,445864.86,5064,3589,1475,320698,125166.86,0.29127172195892576,0.2807282457738428,2023-08-09,300,4885
Parti conservateur du Québec,2023,42322.6,741,520,221,31978.12,10344.48,0.2982456140350877,0.24441976627144835,2023-08-09,110,613.3300000000017
Parti libéral du Québec,2023,134275.54,1719,1214,505,97156.21,37119.33,0.2937754508435137,0.2764414874071629,2023-08-09,0,3236.300000000003
Parti québécois,2023,488413.3,6613,5436,1177,414968.82,73444.48,0.17798276122788448,0.1503736282365775,2023-08-09,700,8203.640000000014
Québec solidaire,2023,134645.73,1789,1440,349,113471.79,21173.94,0.1950810508664058,0.15725667646497216,2023-08-09,33.3300000000163,1571.2000000000116
Coalition avenir Québec,2023,445564.86,5061,3586,1475,320398,125166.86,0.29144437858130806,0.28091726084503166,2023-08-08,300,5670
Parti conservateur du Québec,2023,42212.6,740,519,221,31868.12,10344.48,0.29864864864864865,0.24505668923496776,2023-08-08,220,503.33000000000175
Parti libéral du Québec,2023,134275.54,1719,1214,505,97156.21,37119.33,0.2937754508435137,0.2764414874071629,2023-08-08,93,3286.300000000003
Parti québécois,2023,487713.3,6606,5431,1175,414468.82,73244.48,0.17786860429912202,0.15017937792551483,2023-08-08,500,7828.640000000014
Québec solidaire,2023,134612.4,1788,1439,349,113438.46,21173.94,0.19519015659955255,0.157295613182738,2023-08-08,108.3299999999872,1737.8699999999953
Coalition avenir Québec,2023,445264.86,5058,3584,1474,320198,125066.86,0.291419533412416,0.28088194518651216,2023-08-07,0,5470
Parti conservateur du Québec,2023,41992.6,737,519,218,31868.12,10124.48,0.29579375848032563,0.24110152741197255,2023-08-07,0,283.33000000000175
Parti libéral du Québec,2023,134182.54,1718,1213,505,97063.21,37119.33,0.2939464493597206,0.27663308504966444,2023-08-07,100,3393.300000000003
Parti québécois,2023,487213.3,6599,5425,1174,414068.82,73144.48,0.17790574329443856,0.15012824978300057,2023-08-07,140,7698.640000000014
Québec solidaire,2023,134504.07,1787,1438,349,113330.13,21173.94,0.19529938444320089,0.15742229956312845,2023-08-07,0,1729.5400000000081
Coalition avenir Québec,2023,445264.86,5058,3584,1474,320198,125066.86,0.291419533412416,0.28088194518651216,2023-08-06,300,6025.349999999977
Parti conservateur du Québec,2023,41992.6,737,519,218,31868.12,10124.48,0.29579375848032563,0.24110152741197255,2023-08-06,75,303.33000000000175
Parti libéral du Québec,2023,134082.54,1717,1212,505,96963.21,37119.33,0.29411764705882354,0.27683940056624823,2023-08-06,0,3751.600000000006
Parti québécois,2023,487073.3,6597,5423,1174,413928.82,73144.48,0.1779596786418069,0.15017140130653844,2023-08-06,21.330000000016298,8030.299999999988
Québec solidaire,2023,134504.07,1787,1438,349,113330.13,21173.94,0.19529938444320089,0.15742229956312845,2023-08-06,49.98000000001048,1797.8500000000058
Coalition avenir Québec,2023,444964.86,5055,3582,1473,319998,124966.86,0.2913946587537092,0.280846581907614,2023-08-05,200,5725.349999999977
Parti conservateur du Québec,2023,41917.6,736,519,217,31868.12,10049.48,0.29483695652173914,0.2397436876157032,2023-08-05,108.33000000000175,268.33000000000175
Parti libéral du Québec,2023,134082.54,1717,1212,505,96963.21,37119.33,0.29411764705882354,0.27683940056624823,2023-08-05,188.30000000001746,3951.600000000006
Parti québécois,2023,487051.97,6597,5423,1174,413907.49,73144.48,0.1779596786418069,0.1501779779270783,2023-08-05,312.3099999999977,8603.969999999972
Québec solidaire,2023,134454.09,1787,1438,349,113280.15,21173.94,0.19529938444320089,0.15748081742994952,2023-08-05,779.8999999999942,1752.8699999999953
Coalition avenir Québec,2023,444764.86,5053,3580,1473,319798,124966.86,0.29150999406293293,0.28097287182265257,2023-08-04,185,5525.349999999977
Parti conservateur du Québec,2023,41809.27,735,518,217,31759.79,10049.48,0.29523809523809524,0.24036487601912207,2023-08-04,100,160
Parti libéral du Québec,2023,133894.24,1715,1211,504,96783.24,37111,0.2938775510204082,0.2771665159009081,2023-08-04,0,3863.2999999999884
Parti québécois,2023,486739.66,6594,5420,1174,413598.51,73141.15,0.17804064300879588,0.1502674961806071,2023-08-04,295,8441.659999999974
Québec solidaire,2023,133674.19,1784,1437,347,112526.58,21147.61,0.1945067264573991,0.15820264181140728,2023-08-04,341.6600000000035,989.6300000000047
Coalition avenir Québec,2023,444579.86,5051,3578,1473,319613,124966.86,0.29162542070877057,0.28108979115698135,2023-08-03,3600,5540.349999999977
Parti conservateur du Québec,2023,41709.27,734,517,217,31659.79,10049.48,0.2956403269754768,0.2409411624801873,2023-08-03,0,80
Parti libéral du Québec,2023,133894.24,1715,1211,504,96783.24,37111,0.2938775510204082,0.2771665159009081,2023-08-03,2854.9999999999854,4738.299999999988
Parti québécois,2023,486444.66,6587,5416,1171,413458.51,72986.15,0.17777440412934567,0.1500399860489783,2023-08-03,6235,8616.659999999974
Québec solidaire,2023,133332.53,1780,1435,345,112309.92,21022.61,0.19382022471910113,0.1576705249649129,2023-08-03,258,689.6199999999953
Coalition avenir Québec,2023,440979.86,5014,3551,1463,316948,124031.86,0.2917830075787794,0.28126422825749914,2023-08-02,1085,2195.6300000000047
Parti conservateur du Québec,2023,41709.27,734,517,217,31659.79,10049.48,0.2956403269754768,0.2409411624801873,2023-08-02,0,100
Parti libéral du Québec,2023,131039.24,1678,1189,489,95138.24,35901,0.29141835518474374,0.27397136918681764,2023-08-02,50,10926.960000000006
Parti québécois,2023,480209.66,6500,5352,1148,408598.51,71611.15,0.17661538461538462,0.14912475938114195,2023-08-02,325,5354.659999999974
Québec solidaire,2023,133074.53,1777,1433,344,112151.92,20922.61,0.1935846933033202,0.1572247521745897,2023-08-02,200,715.9400000000023
Coalition avenir Québec,2023,439894.86,5003,3540,1463,315863,124031.86,0.2924245452728363,0.2819579660467049,2023-08-01,100,NA
Parti conservateur du Québec,2023,41709.27,734,517,217,31659.79,10049.48,0.2956403269754768,0.2409411624801873,2023-08-01,0,NA
Parti libéral du Québec,2023,130989.24,1677,1188,489,95088.24,35901,0.29159212880143115,0.27407594700144833,2023-08-01,200,NA
Parti québécois,2023,479884.66,6496,5348,1148,408273.51,71611.15,0.17672413793103448,0.14922575353836065,2023-08-01,370,NA
Québec solidaire,2023,132874.53,1775,1432,343,112051.92,20822.61,0.19323943661971832,0.1567088139465103,2023-08-01,100,NA
Coalition avenir Québec,2023,439794.86,5002,3539,1463,315763,124031.86,0.29248300679728106,0.28202207729303613,2023-07-31,555.3499999999767,NA
Parti conservateur du Québec,2023,41709.27,734,517,217,31659.79,10049.48,0.2956403269754768,0.2409411624801873,2023-07-31,20,NA
Parti libéral du Québec,2023,130789.24,1675,1187,488,94988.24,35801,0.29134328358208955,0.2737304689590673,2023-07-31,458.3000000000029,NA
Parti québécois,2023,479514.66,6491,5344,1147,407943.51,71571.15,0.17670620859651823,0.14925748046994017,2023-07-31,471.6599999999744,NA
Québec solidaire,2023,132774.53,1774,1431,343,111951.92,20822.61,0.19334836527621196,0.15682684020798263,2023-07-31,68.30999999999767,NA
Coalition avenir Québec,2023,439239.51,4997,3535,1462,315363,123876.51,0.2925755453271963,0.28202497084107936,2023-07-30,0,NA
Parti conservateur du Québec,2023,41689.27,734,517,217,31639.79,10049.48,0.2956403269754768,0.24105675153342815,2023-07-30,40,NA
Parti libéral du Québec,2023,130330.94,1670,1184,486,94729.94,35601,0.29101796407185626,0.2731584687411907,2023-07-30,200,NA
Parti québécois,2023,479043,6485,5339,1146,407571.85,71471.15,0.1767154973014649,0.14919568806975572,2023-07-30,595,NA
Québec solidaire,2023,132706.22,1774,1431,343,111883.61,20822.61,0.19334836527621196,0.1569075662014938,2023-07-30,5,NA
Coalition avenir Québec,2023,439239.51,4997,3535,1462,315363,123876.51,0.2925755453271963,0.28202497084107936,2023-07-29,0,NA
Parti conservateur du Québec,2023,41649.27,733,516,217,31619.79,10029.48,0.296043656207367,0.24080806218212228,2023-07-29,0,NA
Parti libéral du Québec,2023,130130.94,1668,1182,486,94529.94,35601,0.29136690647482016,0.2735782896826842,2023-07-29,100,NA
Parti québécois,2023,478448,6472,5330,1142,407121.85,71326.15,0.17645241038318912,0.14907816523425743,2023-07-29,150,NA
Québec solidaire,2023,132701.22,1774,1431,343,111883.61,20817.61,0.19334836527621196,0.15687579963469817,2023-07-29,16.660000000003492,NA
Coalition avenir Québec,2023,439239.51,4997,3535,1462,315363,123876.51,0.2925755453271963,0.28202497084107936,2023-07-28,200,NA
Parti conservateur du Québec,2023,41649.27,733,516,217,31619.79,10029.48,0.296043656207367,0.24080806218212228,2023-07-28,20,NA
Parti libéral du Québec,2023,130030.94,1667,1181,486,94429.94,35601,0.29154169166166766,0.27378868444694776,2023-07-28,875,NA
Parti québécois,2023,478298,6470,5328,1142,406971.85,71326.15,0.17650695517774342,0.14912491793818916,2023-07-28,470,NA
Québec solidaire,2023,132684.56,1774,1431,343,111875.28,20809.28,0.19334836527621196,0.15683271663259085,2023-07-28,41.64999999999418,NA
Coalition avenir Québec,2023,439039.51,4995,3534,1461,315263,123776.51,0.2924924924924925,0.2819256745252836,2023-07-27,255.28000000002794,NA
Parti conservateur du Québec,2023,41629.27,732,516,216,31619.79,10009.48,0.29508196721311475,0.2404433226909816,2023-07-27,20,NA
Parti libéral du Québec,2023,129155.94,1656,1175,481,93954.94,35201,0.29045893719806765,0.2725465046361786,2023-07-27,9043.660000000003,NA
Parti québécois,2023,477828,6464,5325,1139,406671.85,71156.15,0.17620668316831684,0.1489158232669496,2023-07-27,2973,NA
Québec solidaire,2023,132642.91,1774,1431,343,111833.63,20809.28,0.19334836527621196,0.15688196225489923,2023-07-27,284.320000000007,NA
Coalition avenir Québec,2023,438784.23,4993,3533,1460,315113,123671.23,0.2924093731223713,0.28184976018851,2023-07-26,NA,NA
Parti conservateur du Québec,2023,41609.27,731,516,215,31619.79,9989.48,0.29411764705882354,0.2400782325669256,2023-07-26,NA,NA
Parti libéral du Québec,2023,120112.28,1565,1097,468,86211.28,33901,0.2990415335463259,0.28224424679974436,2023-07-26,NA,NA
Parti québécois,2023,474855,6419,5296,1123,404403.85,70451.15,0.17494936906060135,0.1483635004369755,2023-07-26,NA,NA
Québec solidaire,2023,132358.59,1771,1428,343,111549.31,20809.28,0.19367588932806323,0.1572189610058554,2023-07-26,NA,NA
Coalition avenir Québec,2023,437284.23,4977,3525,1452,314413,122871.23,0.2917420132610006,0.28098710534335986,2023-07-21,625,8425.349999999977
Parti conservateur du Québec,2023,41202.14,726,513,213,31317.66,9884.48,0.29338842975206614,0.23990210217236288,2023-07-21,0,460
Parti libéral du Québec,2023,118131.32,1546,1088,458,85250.32,32881,0.296248382923674,0.27834277988259165,2023-07-21,1480,4343.330000000002
Parti québécois,2023,473081.72,6399,5280,1119,402812.23,70269.49,0.1748710736052508,0.14853562720622562,2023-07-21,178.3299999999581,11654.659999999974
Québec solidaire,2023,131520.71,1765,1425,340,110769.76,20750.95,0.19263456090651557,0.15777705275465745,2023-07-21,41.64999999999418,1998.9699999999866
Coalition avenir Québec,2023,436659.23,4971,3521,1450,313988,122671.23,0.2916918125125729,0.280931265325595,2023-07-20,3040,8150.349999999977
Parti conservateur du Québec,2023,41202.14,726,513,213,31317.66,9884.48,0.29338842975206614,0.23990210217236288,2023-07-20,0,460
Parti libéral du Québec,2023,116651.32,1519,1069,450,84170.32,32481,0.29624753127057274,0.27844519890559316,2023-07-20,1555,3038.3300000000017
Parti québécois,2023,472903.39,6396,5277,1119,402633.9,70269.49,0.174953095684803,0.1485916394044035,2023-07-20,4810,12469.330000000016
Québec solidaire,2023,131479.06,1765,1425,340,110728.11,20750.95,0.19263456090651557,0.15782703344547794,2023-07-20,100,2672.3199999999924
Coalition avenir Québec,2023,433619.23,4937,3492,1445,311448,122171.23,0.2926878671257849,0.28174772138219056,2023-07-19,1475,5760.349999999977
Parti conservateur du Québec,2023,41202.14,726,513,213,31317.66,9884.48,0.29338842975206614,0.23990210217236288,2023-07-19,110,490
Parti libéral du Québec,2023,115096.32,1499,1056,443,83005.32,32091,0.29553035356904606,0.27881864511393584,2023-07-19,100,1983.3300000000017
Parti québécois,2023,468093.39,6327,5221,1106,398738.9,69354.49,0.17480638533270113,0.14816378842692057,2023-07-19,1568,15174.330000000016
Québec solidaire,2023,131379.06,1764,1424,340,110628.11,20750.95,0.1927437641723356,0.15794716448724783,2023-07-19,35.98999999999069,2936.979999999996
Coalition avenir Québec,2023,432144.23,4922,3485,1437,310773,121371.23,0.29195449004469726,0.2808581523812085,2023-07-18,2100,8585.349999999977
Parti conservateur du Québec,2023,41092.14,725,512,213,31217.66,9874.48,0.29379310344827586,0.24030094319740952,2023-07-18,50,480
Parti libéral du Québec,2023,114996.32,1498,1055,443,82905.32,32091,0.29572763684913217,0.27906110386836724,2023-07-18,500,2368.3300000000017
Parti québécois,2023,466525.39,6306,5206,1100,397530.9,68994.49,0.1744370440849984,0.14789010733156455,2023-07-18,750,14216.330000000016
Québec solidaire,2023,131343.07,1763,1424,339,110603.12,20739.95,0.19228587634713556,0.15790669427781762,2023-07-18,325,3334.320000000007
Coalition avenir Québec,2023,430044.23,4901,3475,1426,309773,120271.23,0.29096102836155885,0.2796717677156138,2023-07-17,805.3499999999767,7735.349999999977
Parti conservateur du Québec,2023,41042.14,724,511,213,31167.66,9874.48,0.2941988950276243,0.2405936922392448,2023-07-17,150,565
Parti libéral du Québec,2023,114496.32,1493,1052,441,82605.32,31891,0.2953784326858674,0.27853296944390876,2023-07-17,400,1993.3300000000017
Parti québécois,2023,465775.39,6296,5197,1099,396830.9,68944.49,0.17455527318932657,0.14802089479223024,2023-07-17,2165,15342.98999999999
Québec solidaire,2023,131018.07,1757,1420,337,110328.12,20689.95,0.19180421172453044,0.15791676674828137,2023-07-17,583,3998.9600000000064
Coalition avenir Québec,2023,429238.88,4893,3468,1425,309073,120165.88,0.29123237277743713,0.27995106128317176,2023-07-16,230,8180
Parti conservateur du Québec,2023,40892.14,722,510,212,31067.66,9824.48,0.29362880886426596,0.24025350593047953,2023-07-16,0,497
Parti libéral du Québec,2023,114096.32,1489,1049,440,82305.32,31791,0.2955003357958361,0.27863300060860857,2023-07-16,108.33000000000175,2343.3300000000017
Parti québécois,2023,463610.39,6268,5176,1092,395285.9,68324.49,0.1742182514358647,0.14737480322647645,2023-07-16,385,14382.98999999999
Québec solidaire,2023,130435.07,1750,1414,336,109845.12,20589.95,0.192,0.15785593552408875,2023-07-16,230,4124.290000000008
Coalition avenir Québec,2023,429008.88,4890,3465,1425,308843,120165.88,0.29141104294478526,0.2801011484890476,2023-07-15,150,8410
Parti conservateur du Québec,2023,40892.14,722,510,212,31067.66,9824.48,0.29362880886426596,0.24025350593047953,2023-07-15,150,512
Parti libéral du Québec,2023,113987.99,1488,1048,440,82196.99,31791,0.2956989247311828,0.27889780318084384,2023-07-15,200,2460
Parti québécois,2023,463225.39,6264,5173,1091,395040.9,68184.49,0.1741698595146871,0.14719506199778903,2023-07-15,1798.3300000000163,14927.98999999999
Québec solidaire,2023,130205.07,1746,1412,334,109695.12,20509.95,0.19129438717067584,0.15752036383836668,2023-07-15,683.3300000000017,4602.62000000001
Coalition avenir Québec,2023,428858.88,4888,3463,1425,308693,120165.88,0.2915302782324059,0.28019911818078713,2023-07-14,350,8610
Parti conservateur du Québec,2023,40742.14,720,510,210,31067.66,9674.48,0.2916666666666667,0.2374563535445119,2023-07-14,0,497
Parti libéral du Québec,2023,113787.99,1484,1046,438,82096.99,31691,0.29514824797843664,0.2785091818565386,2023-07-14,175,3410
Parti québécois,2023,461427.06,6243,5155,1088,393492.57,67934.49,0.1742751882107961,0.14722693116437516,2023-07-14,993,14092.659999999974
Québec solidaire,2023,129521.74,1735,1405,330,109211.79,20309.95,0.19020172910662825,0.15680726648669174,2023-07-14,715,5290.540000000008
Coalition avenir Québec,2023,428508.88,4884,3463,1421,308693,119815.88,0.29095004095004096,0.2796111949885379,2023-07-13,650,9070.150000000023
Parti conservateur du Québec,2023,40742.14,720,510,210,31067.66,9674.48,0.2916666666666667,0.2374563535445119,2023-07-13,30,572
Parti libéral du Québec,2023,113612.99,1481,1044,437,81971.99,31641,0.2950708980418636,0.27849808371384294,2023-07-13,500,9870
Parti québécois,2023,460434.06,6230,5147,1083,392759.57,67674.49,0.1738362760834671,0.1469797651372707,2023-07-13,7515,14840.98999999999
Québec solidaire,2023,128806.74,1721,1398,323,108691.79,20114.95,0.18768158047646716,0.15616380012412395,2023-07-13,364.6600000000035,5855.520000000004
Coalition avenir Québec,2023,427858.88,4876,3456,1420,308143,119715.88,0.2912223133716161,0.2798022562953467,2023-07-12,4300,14950.150000000023
Parti conservateur du Québec,2023,40712.14,718,510,208,31067.66,9644.48,0.28969359331476324,0.23689444966538237,2023-07-12,100,1104.3300000000017
Parti libéral du Québec,2023,113112.99,1476,1040,436,81571.99,31541,0.2953929539295393,0.27884507340845643,2023-07-12,485,13838.300000000003
Parti québécois,2023,452919.06,6130,5066,1064,386714.57,66204.49,0.17357259380097878,0.14617289455647992,2023-07-12,610,14373.299999999988
Québec solidaire,2023,128442.08,1716,1396,320,108537.13,19904.95,0.1864801864801865,0.15497218668523588,2023-07-12,433.33000000000175,6520.759999999995
Coalition avenir Québec,2023,423558.88,4828,3433,1395,306183,117375.88,0.2889395194697597,0.27711821317498997,2023-07-11,1250,15275.150000000023
Parti conservateur du Québec,2023,40612.14,717,509,208,30967.66,9644.48,0.2900976290097629,0.23747775911340796,2023-07-11,135,2209.3300000000017
Parti libéral du Québec,2023,112627.99,1467,1035,432,81221.99,31406,0.294478527607362,0.2788472030798028,2023-07-11,125,16948.300000000003
Parti québécois,2023,452309.06,6119,5060,1059,386264.57,66044.49,0.17306749468867463,0.14601628806639427,2023-07-11,1876.6599999999744,16268.299999999988
Québec solidaire,2023,128008.75,1710,1390,320,108103.8,19904.95,0.1871345029239766,0.15549679221146992,2023-07-11,989.6399999999994,6279.0899999999965
Coalition avenir Québec,2023,422308.88,4815,3423,1392,305233,117075.88,0.28909657320872273,0.27722808007257627,2023-07-10,1250,16315.150000000023
Parti conservateur du Québec,2023,40477.14,713,506,207,30842.66,9634.48,0.2903225806451613,0.23802274567817783,2023-07-10,82,8101.329999999998
Parti libéral du Québec,2023,112502.99,1465,1034,431,81196.99,31306,0.29419795221843004,0.2782681598062416,2023-07-10,750,18943.300000000003
Parti québécois,2023,450432.4,6094,5044,1050,385117.91,65314.49,0.17230062356416148,0.14500397839942242,2023-07-10,1205,16281.640000000014
Québec solidaire,2023,127019.11,1700,1382,318,107229.16,19789.95,0.18705882352941175,0.15580293390498484,2023-07-10,708.3300000000017,5724.449999999997
Coalition avenir Québec,2023,421058.88,4799,3413,1386,304458,116600.88,0.2888101687851636,0.2769229804629699,2023-07-09,460,18155.150000000023
Parti conservateur du Québec,2023,40395.14,707,505,202,30832.66,9562.48,0.2857142857142857,0.2367235266420663,2023-07-09,15,8034.329999999998
Parti libéral du Québec,2023,111752.99,1454,1027,427,80771.99,30981,0.2936726272352132,0.277227481788183,2023-07-09,225,20543.300000000003
Parti québécois,2023,449227.4,6076,5030,1046,384167.91,65059.49,0.17215273206056617,0.14482529338148117,2023-07-09,930,18661.640000000014
Québec solidaire,2023,126310.78,1690,1373,317,106545.83,19764.95,0.18757396449704145,0.1564787265188292,2023-07-09,708.3300000000017,5361.119999999995
Coalition avenir Québec,2023,420598.88,4793,3409,1384,304108,116490.88,0.2887544335489255,0.2769643133619376,2023-07-08,350,18120.150000000023
Parti conservateur du Québec,2023,40380.14,706,505,201,30832.66,9547.48,0.2847025495750708,0.2364399925309818,2023-07-08,135,8171.59
Parti libéral du Québec,2023,111527.99,1450,1026,424,80671.99,30856,0.2924137931034483,0.27666597416487104,2023-07-08,1150,20718.300000000003
Parti québécois,2023,448297.4,6063,5022,1041,383397.91,64899.49,0.17169717961405245,0.1447688297991467,2023-07-08,963,19156.640000000014
Québec solidaire,2023,125602.45,1682,1369,313,106137.5,19464.95,0.18608799048751487,0.15497269360589702,2023-07-08,1371.25,5777.789999999994
Coalition avenir Québec,2023,420248.88,4789,3407,1382,303908,116340.88,0.28857799122990185,0.27683804891996383,2023-07-07,810.1500000000233,18410.150000000023
Parti conservateur du Québec,2023,40245.14,702,503,199,30762.66,9482.48,0.28347578347578345,0.23561801499510251,2023-07-07,75,8046.59
Parti libéral du Québec,2023,110377.99,1427,1011,416,79896.99,30481,0.29152067274001403,0.2761510696108889,2023-07-07,6635,19776.600000000006
Parti québécois,2023,447334.4,6051,5012,1039,382540.91,64793.49,0.17170715584200957,0.14484352198265993,2023-07-07,1741.3300000000163,21000.300000000047
Québec solidaire,2023,124231.2,1666,1360,306,105287.5,18943.7,0.1836734693877551,0.1524874588670157,2023-07-07,1279.979999999996,4874.849999999991
Coalition avenir Québec,2023,419438.73,4780,3403,1377,303508,115930.73,0.2880753138075314,0.27639490993118354,2023-07-06,6530,21100
Parti conservateur du Québec,2023,40170.14,699,500,199,30687.66,9482.48,0.28469241773962806,0.2360579276049324,2023-07-06,562.3300000000017,7981.59
Parti libéral du Québec,2023,103742.99,1298,915,383,74331.99,29411,0.2950693374422188,0.28349867301877457,2023-07-06,4468.300000000003,14241.600000000006
Parti québécois,2023,445593.07,6026,4994,1032,381054.58,64538.49,0.17125788250912713,0.1448372839371133,2023-07-06,7047.309999999998,22378.97000000003
Québec solidaire,2023,122951.22,1650,1347,303,104157.52,18793.7,0.18363636363636365,0.15285492897101793,2023-07-06,1029.8999999999942,4473.869999999995
Coalition avenir Québec,2023,412908.73,4708,3359,1349,299383,113525.73,0.28653355989804585,0.27494146224517946,2023-07-05,4625,24720.469999999972
Parti conservateur du Québec,2023,39607.81,682,490,192,30329.33,9278.48,0.28152492668621704,0.23425884945418593,2023-07-05,1205,7519.259999999998
Parti libéral du Québec,2023,99274.69,1230,865,365,70623.69,28651,0.2967479674796748,0.28860326836578387,2023-07-05,3595,11773.300000000003
Parti québécois,2023,438545.76,5931,4920,1011,375280.6,63265.16,0.17046029337379867,0.14426125109498267,2023-07-05,2505,21401.660000000033
Québec solidaire,2023,121921.32,1647,1344,303,103143.95,18777.37,0.18397085610200364,0.15401219409369912,2023-07-05,191.6600000000035,7098.630000000005
Coalition avenir Québec,2023,408283.73,4657,3326,1331,296203,112080.73,0.28580631307708826,0.27451676803285796,2023-07-04,2290,21518.469999999972
Parti conservateur du Québec,2023,38402.81,658,470,188,29289.33,9113.48,0.2857142857142857,0.23731284247168372,2023-07-04,6026.999999999996,6519.259999999998
Parti libéral du Québec,2023,95679.69,1167,821,346,67828.69,27851,0.29648671808054844,0.29108580932902267,2023-07-04,2120,9293.300000000003
Parti québécois,2023,436040.76,5893,4889,1004,373270.6,62770.16,0.17037162735448838,0.14395479908804856,2023-07-04,1890,22344.660000000033
Québec solidaire,2023,121729.66,1644,1342,302,102977.29,18752.37,0.18369829683698297,0.154049308935883,2023-07-04,435,7051.62000000001
Coalition avenir Québec,2023,405993.73,4633,3308,1325,294553,111440.73,0.28599179797107704,0.2744887956767214,2023-07-03,3090,19328.469999999972
Parti conservateur du Québec,2023,32375.81,529,390,139,25154.33,7221.48,0.2627599243856333,0.22305171669836213,2023-07-03,15,492.26000000000204
Parti libéral du Québec,2023,93559.69,1128,797,331,66533.69,27026,0.29343971631205673,0.2888637189798299,2023-07-03,2350,7191.960000000006
Parti québécois,2023,434150.76,5865,4866,999,371685.6,62465.16,0.17033248081841432,0.14387896038694026,2023-07-03,3585,20742.660000000033
Québec solidaire,2023,121294.66,1638,1338,300,102652.29,18642.37,0.1831501831501831,0.15369489472990813,2023-07-03,345,6675.940000000002
Coalition avenir Québec,2023,402903.73,4600,3293,1307,293133,109770.73,0.2841304347826087,0.2724490289528965,2023-07-02,425,16238.469999999972
Parti conservateur du Québec,2023,32360.81,528,390,138,25154.33,7206.48,0.26136363636363635,0.22269158281266752,2023-07-02,152.26000000000204,477.26000000000204
Parti libéral du Québec,2023,91209.69,1104,779,325,64733.69,26476,0.29438405797101447,0.2902761757001915,2023-07-02,400,4841.960000000006
Parti québécois,2023,430565.76,5819,4833,986,368955.6,61610.16,0.16944492180787077,0.1430911738081542,2023-07-02,1425,17157.660000000033
Québec solidaire,2023,120949.66,1632,1337,295,102552.29,18397.37,0.18075980392156865,0.15210766198102582,2023-07-02,1125,6330.940000000002
Coalition avenir Québec,2023,402478.73,4595,3291,1304,292933,109545.73,0.2837867247007617,0.2721776875016476,2023-07-01,640,15873.469999999972
Parti conservateur du Québec,2023,32208.55,525,389,136,25052.07,7156.48,0.259047619047619,0.22219193350833863,2023-07-01,10,425
Parti libéral du Québec,2023,90809.69,1100,776,324,64433.69,26376,0.29454545454545455,0.29045358485421546,2023-07-01,208.3000000000029,4901.960000000006
Parti québécois,2023,429140.76,5796,4815,981,367750.6,61390.16,0.16925465838509315,0.14305366845134918,2023-07-01,2806.6600000000326,27431.660000000033
Québec solidaire,2023,119824.66,1614,1328,286,101927.29,17897.37,0.1771995043370508,0.14936299422840005,2023-07-01,468.3099999999977,5389.270000000004
Coalition avenir Québec,2023,401838.73,4587,3286,1301,292423,109415.73,0.28362764333987356,0.2722876662485968,2023-06-30,3500,15533.469999999972
Parti conservateur du Québec,2023,32198.55,524,388,136,25042.07,7156.48,0.2595419847328244,0.2222609403218468,2023-06-30,10,415
Parti libéral du Québec,2023,90601.39,1098,775,323,64325.39,26276,0.2941712204007286,0.2900176255574004,2023-06-30,1100,4943.6600000000035
Parti québécois,2023,426334.1,5757,4784,973,365518.94,60815.16,0.16901163800590585,0.1426467176798666,2023-06-30,3120,32338.29999999999
Québec solidaire,2023,119356.35,1610,1324,286,101458.98,17897.37,0.17763975155279504,0.14994903915878793,2023-06-30,879,5067.610000000001
Coalition avenir Québec,2023,398338.73,4550,3260,1290,289973,108365.73,0.2835164835164835,0.2720441720542715,2023-06-29,10150.469999999972,12783.469999999972
Parti conservateur du Québec,2023,32188.55,523,387,136,25032.07,7156.48,0.26003824091778205,0.2223299900119763,2023-06-29,100,405
Parti libéral du Québec,2023,89501.39,1087,767,320,63525.39,25976,0.29438822447102114,0.29023012938681736,2023-06-29,2000,5310.319999999992
Parti québécois,2023,423214.1,5717,4748,969,362628.94,60585.16,0.16949449011719434,0.14315487125783383,2023-06-29,6070,35293.29999999999
Québec solidaire,2023,118477.35,1596,1313,283,100693.98,17783.37,0.17731829573934835,0.15009932278194946,2023-06-29,3654.6600000000035,4928.610000000001
Coalition avenir Québec,2023,388188.26,4438,3172,1266,282018,106170.26,0.28526363226678686,0.2735019858663423,2023-06-28,1423,7223
Parti conservateur du Québec,2023,32088.55,522,386,136,24932.07,7156.48,0.26053639846743293,0.22302285394634533,2023-06-28,205,315
Parti libéral du Québec,2023,87501.39,1065,751,314,62025.39,25476,0.2948356807511737,0.29114966059396313,2023-06-28,1115,5054.619999999995
Parti québécois,2023,417144.1,5639,4679,960,357118.94,60025.16,0.1702429508778152,0.1438955027770979,2023-06-28,3448,42107.29999999999
Québec solidaire,2023,114822.69,1548,1268,280,97297.65,17525.04,0.18087855297157623,0.15262697642774264,2023-06-28,144.65000000000873,3886.8600000000006
Coalition avenir Québec,2023,386765.26,4422,3160,1262,280915,105850.26,0.28539122568973313,0.2736808885058601,2023-06-27,100,9785
Parti conservateur du Québec,2023,31883.55,517,383,134,24787.07,7096.48,0.25918762088974856,0.2225749642056797,2023-06-27,0,110
Parti libéral du Québec,2023,86386.39,1054,742,312,61110.39,25276,0.29601518026565465,0.2925923863701215,2023-06-27,18.660000000003492,4439.619999999995
Parti québécois,2023,413696.1,5594,4642,952,354155.94,59540.16,0.17018233821952092,0.14392245902245634,2023-06-27,288,40174.29999999999
Québec solidaire,2023,114678.04,1546,1267,279,97253,17425.04,0.1804657179818887,0.15194748706901515,2023-06-27,59.31999999999243,4167.209999999992
Coalition avenir Québec,2023,386665.26,4421,3160,1261,280915,105750.26,0.2852295860665008,0.27349304667298013,2023-06-26,0,10385
Parti conservateur du Québec,2023,31883.55,517,383,134,24787.07,7096.48,0.25918762088974856,0.2225749642056797,2023-06-26,0,210
Parti libéral du Québec,2023,86367.73,1054,742,312,61091.73,25276,0.29601518026565465,0.29265560180868483,2023-06-26,0,6060.959999999992
Parti québécois,2023,413408.1,5588,4637,951,353917.94,59490.16,0.17018611309949894,0.14390177647704533,2023-06-26,0,40664.630000000005
Québec solidaire,2023,114618.72,1546,1267,279,97193.68,17425.04,0.1804657179818887,0.15202612627326498,2023-06-26,0,4354.540000000008
Coalition avenir Québec,2023,386665.26,4421,3160,1261,280915,105750.26,0.2852295860665008,0.27349304667298013,2023-06-25,60,12605
Parti conservateur du Québec,2023,31883.55,517,383,134,24787.07,7096.48,0.25918762088974856,0.2225749642056797,2023-06-25,100,215
Parti libéral du Québec,2023,86367.73,1054,742,312,61091.73,25276,0.29601518026565465,0.29265560180868483,2023-06-25,460,6360.959999999992
Parti québécois,2023,413408.1,5588,4637,951,353917.94,59490.16,0.17018611309949894,0.14390177647704533,2023-06-25,11699,41819.630000000005
Québec solidaire,2023,114618.72,1546,1267,279,97193.68,17425.04,0.1804657179818887,0.15202612627326498,2023-06-25,183.33000000000175,4939.540000000008
Coalition avenir Québec,2023,386605.26,4420,3160,1260,280915,105690.26,0.2850678733031674,0.2733802949292516,2023-06-24,300,12655
Parti conservateur du Québec,2023,31783.55,516,383,133,24787.07,6996.48,0.25775193798449614,0.220128966084657,2023-06-24,0,115
Parti libéral du Québec,2023,85907.73,1049,740,309,60931.73,24976,0.2945662535748332,0.290730531466726,2023-06-24,250,6000.959999999992
Parti québécois,2023,401709.1,5425,4522,903,345445.94,56263.16,0.1664516129032258,0.140059460938276,2023-06-24,7713.299999999988,30328.630000000005
Québec solidaire,2023,114435.39,1543,1265,278,97035.35,17400.04,0.18016850291639663,0.1520512142266479,2023-06-24,146.64999999999418,5081.199999999997
Coalition avenir Québec,2023,386305.26,4417,3157,1260,280615,105690.26,0.28526148969889065,0.27359259876502845,2023-06-23,750,12700.210000000021
Parti conservateur du Québec,2023,31783.55,516,383,133,24787.07,6996.48,0.25775193798449614,0.220128966084657,2023-06-23,0,115
Parti libéral du Québec,2023,85657.73,1046,738,308,60731.73,24926,0.2944550669216061,0.29099533690654655,2023-06-23,1466.659999999989,6050.959999999992
Parti québécois,2023,393995.8,5319,4440,879,339222.64,54773.16,0.1652566271855612,0.13901965452423606,2023-06-23,6075,22955.330000000016
Québec solidaire,2023,114288.74,1542,1264,278,96888.7,17400.04,0.18028534370946825,0.15224631927869708,2023-06-23,740,5234.550000000003
Coalition avenir Québec,2023,385555.26,4409,3152,1257,280155,105400.26,0.2850986618280789,0.27337264183608856,2023-06-22,4590,12575.210000000021
Parti conservateur du Québec,2023,31783.55,516,383,133,24787.07,6996.48,0.25775193798449614,0.220128966084657,2023-06-22,10,115
Parti libéral du Québec,2023,84191.07,1031,735,296,60415.07,23776,0.2870999030067895,0.28240524796751004,2023-06-22,1744.300000000003,4784.300000000003
Parti québécois,2023,387920.8,5239,4379,860,334652.64,53268.16,0.16415346440160336,0.1373171018414068,2023-06-22,12884,17265.330000000016
Québec solidaire,2023,113548.74,1533,1255,278,96148.7,17400.04,0.1813437703848663,0.15323851237803254,2023-06-22,2612.9100000000035,4727.550000000003
Coalition avenir Québec,2023,380965.26,4357,3114,1243,276725,104240.26,0.2852880422308928,0.2736214320434362,2023-06-21,3985,8290.210000000021
Parti conservateur du Québec,2023,31773.55,516,383,133,24787.07,6986.48,0.25775193798449614,0.21988351946823695,2023-06-21,0,105
Parti libéral du Québec,2023,82446.77,1012,725,287,59495.77,22951,0.283596837944664,0.27837354938222564,2023-06-21,500,7198.330000000002
Parti québécois,2023,375036.8,5059,4230,829,323648.97,51387.83,0.16386637675429927,0.13702076702872892,2023-06-21,1515,8976.330000000016
Québec solidaire,2023,110935.83,1510,1235,275,93710.79,17225.04,0.18211920529801323,0.15527030356197813,2023-06-21,425,2894.6399999999994
Coalition avenir Québec,2023,376980.26,4311,3090,1221,274665,102315.26,0.28322894919972164,0.2714074736963681,2023-06-20,700,8267.210000000021
Parti conservateur du Québec,2023,31773.55,516,383,133,24787.07,6986.48,0.25775193798449614,0.21988351946823695,2023-06-20,100,105
Parti libéral du Québec,2023,81946.77,1007,720,287,58995.77,22951,0.28500496524329694,0.28007205165011384,2023-06-20,1640,6998.330000000002
Parti québécois,2023,373521.8,5038,4215,823,322658.97,50862.83,0.16335847558554983,0.13617098118503393,2023-06-20,778.3300000000163,8851.659999999974
Québec solidaire,2023,110510.83,1505,1232,273,93410.79,17100.04,0.1813953488372093,0.15473632765223105,2023-06-20,246.65000000000873,2627.970000000001
Coalition avenir Québec,2023,376280.26,4304,3086,1218,274265,102015.26,0.2829925650557621,0.27111509915508186,2023-06-19,2220,16007.210000000021
Parti conservateur du Québec,2023,31673.55,515,382,133,24687.07,6986.48,0.258252427184466,0.22057773757599008,2023-06-19,5,105
Parti libéral du Québec,2023,80306.77,990,711,279,58135.77,22171,0.2818181818181818,0.27607884117366444,2023-06-19,300,5458.330000000002
Parti québécois,2023,372743.47,5029,4207,822,321980.64,50762.83,0.16345197852455756,0.13618704037927212,2023-06-19,1155,9561.329999999958
Québec solidaire,2023,110264.18,1501,1231,270,93344.14,16920.04,0.1798800799467022,0.15345001432015368,2023-06-19,585,2386.3199999999924
Coalition avenir Québec,2023,374060.26,4280,3073,1207,273095,100965.26,0.2820093457943925,0.26991709838409456,2023-06-18,110,14487.210000000021
Parti conservateur du Québec,2023,31668.55,515,382,133,24682.07,6986.48,0.258252427184466,0.22061256356858777,2023-06-18,0,100
Parti libéral du Québec,2023,80006.77,987,708,279,57835.77,22171,0.2826747720364742,0.27711404922358446,2023-06-18,100,5173.330000000002
Parti québécois,2023,371588.47,5012,4194,818,321035.64,50552.83,0.1632083000798085,0.13604520613893106,2023-06-18,208,8916.329999999958
Québec solidaire,2023,109679.18,1494,1225,269,92859.14,16820.04,0.18005354752342703,0.1533567264087861,2023-06-18,324.9899999999907,1830.979999999996
Coalition avenir Québec,2023,373950.26,4278,3072,1206,273045,100905.26,0.28190743338008417,0.26983604717910875,2023-06-17,345.21000000002095,14667.210000000021
Parti conservateur du Québec,2023,31668.55,515,382,133,24682.07,6986.48,0.258252427184466,0.22061256356858777,2023-06-17,0,102.64999999999782
Parti libéral du Québec,2023,79906.77,986,707,279,57735.77,22171,0.2829614604462475,0.27746084593332954,2023-06-17,300,5073.330000000002
Parti québécois,2023,371380.47,5010,4194,816,321027.64,50352.83,0.162874251497006,0.13558287004160452,2023-06-17,340,9508.329999999958
Québec solidaire,2023,109354.19,1491,1223,268,92634.15,16720.04,0.17974513749161636,0.15289802795850804,2023-06-17,300,1614.320000000007
Coalition avenir Québec,2023,373605.05,4270,3072,1198,273045,100560.05,0.28056206088992974,0.26916137777045573,2023-06-16,625,14822
Parti conservateur du Québec,2023,31668.55,515,382,133,24682.07,6986.48,0.258252427184466,0.22061256356858777,2023-06-16,0,202.64999999999782
Parti libéral du Québec,2023,79606.77,983,704,279,57435.77,22171,0.28382502543234994,0.27850646370905385,2023-06-16,200,4973.330000000002
Parti québécois,2023,371040.47,5002,4189,813,320842.64,50197.83,0.16253498600559776,0.13528936614380638,2023-06-16,385,9499.98999999999
Québec solidaire,2023,109054.19,1488,1222,266,92484.15,16570.04,0.17876344086021506,0.151943176140229,2023-06-16,233,1497.2900000000081
Coalition avenir Québec,2023,372980.05,4263,3066,1197,272445,100535.05,0.28078817733990147,0.26954538185085236,2023-06-15,305,15197
Parti conservateur du Québec,2023,31668.55,515,382,133,24682.07,6986.48,0.258252427184466,0.22061256356858777,2023-06-15,0,302.6499999999978
Parti libéral du Québec,2023,79406.77,981,702,279,57235.77,22171,0.28440366972477066,0.2792079315151592,2023-06-15,4158.330000000002,5173.330000000002
Parti québécois,2023,370655.47,4997,4186,811,320567.64,50087.83,0.16229737842705624,0.13513311971357125,2023-06-15,4595,9484.98999999999
Québec solidaire,2023,108821.19,1485,1221,264,92376.15,16445.04,0.17777777777777778,0.1511198324517495,2023-06-15,780,1522.6199999999953
Coalition avenir Québec,2023,372675.05,4259,3064,1195,272340,100335.05,0.28058229631368864,0.2692293192152252,2023-06-14,3962,21267
Parti conservateur du Québec,2023,31668.55,515,382,133,24682.07,6986.48,0.258252427184466,0.22061256356858777,2023-06-14,0,302.6499999999978
Parti libéral du Québec,2023,75248.44,937,673,264,54577.44,20671,0.28175026680896476,0.2747033692658612,2023-06-14,300,3581.6699999999983
Parti québécois,2023,366060.47,4935,4134,801,316622.64,49437.83,0.16231003039513678,0.13505372486682324,2023-06-14,1390.329999999958,12754.98999999999
Québec solidaire,2023,108041.19,1473,1215,258,91816.15,16225.04,0.17515274949083504,0.15017457693681455,2023-06-14,158.33000000000175,1000.9499999999971
Coalition avenir Québec,2023,368713.05,4217,3041,1176,270195,98518.05,0.2788712354754565,0.26719436700165616,2023-06-13,8440,20305
Parti conservateur du Québec,2023,31668.55,515,382,133,24682.07,6986.48,0.258252427184466,0.22061256356858777,2023-06-13,100,422.6499999999978
Parti libéral du Québec,2023,74948.44,934,670,264,54277.44,20671,0.2826552462526767,0.2758029386602309,2023-06-13,100,3931.6699999999983
Parti québécois,2023,364670.14,4917,4122,795,315674.31,48995.83,0.16168395363026236,0.13435657221619515,2023-06-13,1488,12209.660000000033
Québec solidaire,2023,107882.86,1471,1214,257,91707.82,16175.04,0.17471108089734874,0.1499315090460153,2023-06-13,5,842.6199999999953
Coalition avenir Québec,2023,360273.05,4127,2990,1137,265530,94743.05,0.2755027865277441,0.26297567914114034,2023-06-12,700,14600
Parti conservateur du Québec,2023,31568.55,514,381,133,24582.07,6986.48,0.2587548638132296,0.22131140011182013,2023-06-12,0,542.6499999999978
Parti libéral du Québec,2023,74848.44,933,669,264,54177.44,20671,0.2829581993569132,0.27617142053996047,2023-06-12,15,4361.669999999998
Parti québécois,2023,363182.14,4897,4105,792,314276.31,48905.83,0.16173167245252196,0.13465923737329155,2023-06-12,510,12847.98999999999
Québec solidaire,2023,107877.86,1471,1214,257,91702.82,16175.04,0.17471108089734874,0.14993845817853638,2023-06-12,29.660000000003492,1129.270000000004
Coalition avenir Québec,2023,359573.05,4120,2985,1135,265030,94543.05,0.27548543689320387,0.26293141268512754,2023-06-11,290,15715.399999999965
Parti conservateur du Québec,2023,31568.55,514,381,133,24582.07,6986.48,0.2587548638132296,0.22131140011182013,2023-06-11,2.649999999997817,675.9799999999996
Parti libéral du Québec,2023,74833.44,932,668,264,54162.44,20671,0.2832618025751073,0.2762267777613858,2023-06-11,0,5459.970000000001
Parti québécois,2023,362672.14,4889,4100,789,313976.31,48695.83,0.16138269584782164,0.13426956368912152,2023-06-11,800,13296.97000000003
Québec solidaire,2023,107848.2,1471,1214,257,91673.16,16175.04,0.17471108089734874,0.14997969368056213,2023-06-11,108.33000000000175,2024.5099999999948
Coalition avenir Québec,2023,359283.05,4117,2982,1135,264740,94543.05,0.2756861792567403,0.26314364120433736,2023-06-10,500,16290.399999999965
Parti conservateur du Québec,2023,31565.9,513,380,133,24579.42,6986.48,0.25925925925925924,0.22132997950319805,2023-06-10,100,678.4700000000012
Parti libéral du Québec,2023,74833.44,932,668,264,54162.44,20671,0.2832618025751073,0.2762267777613858,2023-06-10,200,5759.970000000001
Parti québécois,2023,361872.14,4881,4093,788,313276.31,48595.83,0.16144232739192788,0.1342900561507719,2023-06-10,331.6600000000326,12796.97000000003
Québec solidaire,2023,107739.87,1470,1213,257,91564.83,16175.04,0.17482993197278912,0.15013049486694202,2023-06-10,182.97000000000116,2172.8399999999965
Coalition avenir Québec,2023,358783.05,4112,2979,1133,264440,94343.05,0.27553501945525294,0.2629529182050267,2023-06-09,1000,17390.399999999965
Parti conservateur du Québec,2023,31465.9,512,380,132,24579.42,6886.48,0.2578125,0.2188553322803415,2023-06-09,100,578.4700000000012
Parti libéral du Québec,2023,74633.44,930,668,262,54162.44,20471,0.2817204301075269,0.27428723639162284,2023-06-09,400,5559.970000000001
Parti québécois,2023,361540.48,4871,4087,784,313089.65,48450.83,0.16095257647300348,0.1340121858553709,2023-06-09,370,13065.309999999998
Québec solidaire,2023,107556.9,1469,1212,257,91381.86,16175.04,0.1749489448604493,0.1503858887714317,2023-06-09,258.3299999999872,2749.8699999999953
Coalition avenir Québec,2023,357783.05,4103,2972,1131,263690,94093.05,0.27565196197903974,0.26298912148018194,2023-06-08,6375,18490.399999999965
Parti conservateur du Québec,2023,31365.9,511,379,132,24479.42,6886.48,0.2583170254403131,0.219553081531217,2023-06-08,0,578.4700000000012
Parti libéral du Québec,2023,74233.44,926,665,261,53862.44,20371,0.2818574514038877,0.27441810591022053,2023-06-08,2566.6699999999983,5259.970000000001
Parti québécois,2023,361170.48,4865,4083,782,312829.65,48340.83,0.16073997944501542,0.13384490891946652,2023-06-08,7865,13885.309999999998
Québec solidaire,2023,107298.57,1466,1210,256,91173.53,16125.04,0.17462482946793997,0.15028196554716433,2023-06-08,258.33000000000175,3121.540000000008
Coalition avenir Québec,2023,351408.05,4000,2927,1073,259945,91463.05,0.26825,0.2602759100140136,2023-06-07,3000,22305.399999999965
Parti conservateur du Québec,2023,31365.9,511,379,132,24479.42,6886.48,0.2583170254403131,0.219553081531217,2023-06-07,120,578.4700000000012
Parti libéral du Québec,2023,71666.77,897,652,245,52765.77,18901,0.2731326644370123,0.26373450345257643,2023-06-07,650,3146.6300000000047
Parti québécois,2023,353305.48,4747,3982,765,305769.65,47535.83,0.16115441331367178,0.13454597420906125,2023-06-07,845,13805.309999999998
Québec solidaire,2023,107040.24,1463,1208,255,91015.2,16025.04,0.17429938482570062,0.1497104266582362,2023-06-07,0,2888.2100000000064
Coalition avenir Québec,2023,348408.05,3968,2917,1051,258995,89413.05,0.26486895161290325,0.2566331346247597,2023-06-06,2735,23205.399999999965
Parti conservateur du Québec,2023,31245.9,509,378,131,24379.42,6866.48,0.25736738703339884,0.219756192012392,2023-06-06,220,478.47000000000116
Parti libéral du Québec,2023,71016.77,890,647,243,52315.77,18701,0.27303370786516856,0.26333216788091035,2023-06-06,530,2829.9300000000076
Parti québécois,2023,352460.48,4734,3971,763,305029.65,47430.83,0.16117448246725813,0.1345706332806447,2023-06-06,2126.329999999958,14846.969999999972
Québec solidaire,2023,107040.24,1463,1208,255,91015.2,16025.04,0.17429938482570062,0.1497104266582362,2023-06-06,291.65000000000873,3596.520000000004
Coalition avenir Québec,2023,345673.05,3938,2900,1038,257395,88278.05,0.26358557643473846,0.25538019235228204,2023-06-05,1815.399999999965,23475.399999999965
Parti conservateur du Québec,2023,31025.9,507,376,131,24159.42,6866.48,0.2583826429980276,0.22131445018516785,2023-06-05,133.33000000000175,498.47000000000116
Parti libéral du Québec,2023,70486.77,884,644,240,51975.77,18511,0.27149321266968324,0.2626166584168915,2023-06-05,1113.300000000003,2849.9300000000076
Parti québécois,2023,350334.15,4705,3947,758,303203.32,47130.83,0.16110520722635494,0.13453107554601798,2023-06-05,958.9800000000396,13510.640000000014
Québec solidaire,2023,106748.59,1458,1207,251,90923.55,15825.04,0.1721536351165981,0.14824589252185907,2023-06-05,924.8999999999942,4189.869999999995
Coalition avenir Québec,2023,343857.65,3917,2890,1027,256545,87312.65,0.262190451876436,0.25392091756574264,2023-06-04,865,24135
Parti conservateur du Québec,2023,30892.57,505,374,131,24026.09,6866.48,0.2594059405940594,0.22226962664485345,2023-06-04,5.139999999999418,1125.1399999999994
Parti libéral du Québec,2023,69373.47,873,638,235,51387.47,17986,0.26918671248568155,0.2592633754661544,2023-06-04,300,2116.6300000000047
Parti québécois,2023,349375.17,4693,3937,756,302444.34,46930.83,0.1610909865757511,0.13432789170449635,2023-06-04,300,13326.659999999974
Québec solidaire,2023,105823.69,1452,1204,248,90189.98,15633.71,0.17079889807162535,0.14773355569060198,2023-06-04,256.6600000000035,3381.6300000000047
Coalition avenir Québec,2023,342992.65,3906,2881,1025,255880,87112.65,0.2624167946748592,0.2539781829144152,2023-06-03,1600,23700
Parti conservateur du Québec,2023,30887.43,505,374,131,24020.95,6866.48,0.2594059405940594,0.22230661469730564,2023-06-03,0,1122.260000000002
Parti libéral du Québec,2023,69073.47,870,635,235,51087.47,17986,0.27011494252873564,0.26038940855295095,2023-06-03,0,1816.6300000000047
Parti québécois,2023,349075.17,4690,3934,756,302144.34,46930.83,0.16119402985074627,0.13444333494129646,2023-06-03,600,13551.659999999974
Québec solidaire,2023,105567.03,1448,1201,247,89958.32,15608.71,0.17058011049723756,0.14785591675734364,2023-06-03,760,3166.6199999999953
Coalition avenir Québec,2023,341392.65,3889,2869,1020,254780,86612.65,0.2622782206222679,0.2537039095598572,2023-06-02,2100,22950
Parti conservateur du Québec,2023,30887.43,505,374,131,24020.95,6866.48,0.2594059405940594,0.22230661469730564,2023-06-02,100,1122.260000000002
Parti libéral du Québec,2023,69073.47,870,635,235,51087.47,17986,0.27011494252873564,0.26038940855295095,2023-06-02,100,1816.6300000000047
Parti québécois,2023,348475.17,4684,3930,754,301744.34,46730.83,0.1609735269000854,0.13410088873763948,2023-06-02,1190,13833.659999999974
Québec solidaire,2023,104807.03,1437,1193,244,89288.32,15518.71,0.1697981906750174,0.14806936137776253,2023-06-02,630,2464.949999999997
Coalition avenir Québec,2023,339292.65,3868,2861,1007,253980,85312.65,0.26034126163391935,0.25144267050877755,2023-06-01,10190,23725
Parti conservateur du Québec,2023,30787.43,503,373,130,24000.95,6786.48,0.2584493041749503,0.2204302210350133,2023-06-01,0,1022.260000000002
Parti libéral du Québec,2023,68973.47,869,635,234,51087.47,17886,0.26927502876869963,0.25931709684897686,2023-06-01,453.33000000000175,2085.290000000008
Parti québécois,2023,347285.17,4666,3918,748,300854.34,46430.83,0.16030861551650236,0.1336965526054568,2023-06-01,7785,15211.659999999974
Québec solidaire,2023,104177.03,1423,1184,239,88818.32,15358.71,0.1679550245959241,0.1474289485887628,2023-06-01,25,2085.9400000000023
Coalition avenir Québec,2023,329102.65,3751,2771,980,246145,82957.65,0.2612636630231938,0.25207226377545117,2023-05-31,3900,20160
Parti conservateur du Québec,2023,30787.43,503,373,130,24000.95,6786.48,0.2584493041749503,0.2204302210350133,2023-05-31,20,1077.0699999999997
Parti libéral du Québec,2023,68520.14,862,632,230,50959.14,17561,0.2668213457076566,0.25628961061667416,2023-05-31,333.3000000000029,3386.959999999999
Parti québécois,2023,339500.17,4546,3817,729,293919.34,45580.83,0.1603607567091949,0.1342586367482526,2023-05-31,1886.6599999999744,17647.659999999974
Québec solidaire,2023,104152.03,1422,1183,239,88793.32,15358.71,0.1680731364275668,0.14746433650885152,2023-05-31,708.3099999999977,2301.270000000004
Coalition avenir Québec,2023,325202.65,3710,2747,963,243755,81447.65,0.2595687331536388,0.2504519873992416,2023-05-30,3005,22040
Parti conservateur du Québec,2023,30767.43,502,372,130,23980.95,6786.48,0.2589641434262948,0.220573509064618,2023-05-30,240,1157.0699999999997
Parti libéral du Québec,2023,68186.84,858,628,230,50625.84,17561,0.2680652680652681,0.25754236447971485,2023-05-30,550,3453.659999999996
Parti québécois,2023,337613.51,4521,3797,724,292412.68,45200.83,0.16014156160141563,0.13388335674126312,2023-05-30,790,19119.29999999999
Québec solidaire,2023,103443.72,1415,1176,239,88085.01,15358.71,0.16890459363957597,0.14847406879798986,2023-05-30,885,1739.6100000000006
Coalition avenir Québec,2023,322197.65,3677,2729,948,242005,80192.65,0.25781887408213217,0.24889272159495884,2023-05-29,2475,21590.77000000002
Parti conservateur du Québec,2023,30527.43,497,369,128,23850.95,6676.48,0.2575452716297787,0.21870429315536877,2023-05-29,760,1170.9500000000007
Parti libéral du Québec,2023,67636.84,852,623,229,50175.84,17461,0.2687793427230047,0.25815812802608756,2023-05-29,380,3350.3199999999997
Parti québécois,2023,336823.51,4510,3788,722,291652.68,45170.83,0.16008869179600888,0.134108304969567,2023-05-29,775,19844.29999999999
Québec solidaire,2023,102558.72,1397,1169,228,87665.01,14893.71,0.1632068718682892,0.14522129371349407,2023-05-29,116.66000000000349,954.6100000000006
Coalition avenir Québec,2023,319722.65,3652,2713,939,240430,79292.65,0.2571193866374589,0.2480044813840996,2023-05-28,430,22715.77000000002
Parti conservateur du Québec,2023,29767.43,483,360,123,23250.95,6516.48,0.2546583850931677,0.21891308722318317,2023-05-28,2.2600000000020373,1125.9500000000007
Parti libéral du Québec,2023,67256.84,847,620,227,49900.84,17356,0.2680047225501771,0.2580555375482999,2023-05-28,0,3256.2899999999936
Parti québécois,2023,336048.51,4500,3780,720,290977.68,45070.83,0.16,0.13412001142335075,2023-05-28,525,21295.95000000001
Québec solidaire,2023,102442.06,1396,1168,228,87556.68,14885.38,0.16332378223495703,0.14530535602271177,2023-05-28,41.64999999999418,2220.8600000000006
Coalition avenir Québec,2023,319292.65,3647,2709,938,240030,79262.65,0.2571976967370441,0.24824451799939645,2023-05-27,850,22685.77000000002
Parti conservateur du Québec,2023,29765.17,483,360,123,23248.69,6516.48,0.2546583850931677,0.21892970878378992,2023-05-27,0,1536.6899999999987
Parti libéral du Québec,2023,67256.84,847,620,227,49900.84,17356,0.2680047225501771,0.2580555375482999,2023-05-27,0,3356.2899999999936
Parti québécois,2023,335523.51,4491,3773,718,290502.68,45020.83,0.1598753061678913,0.13418085069508243,2023-05-27,882,22259.280000000028
Québec solidaire,2023,102400.41,1396,1168,228,87515.03,14885.38,0.16332378223495703,0.14536445703684192,2023-05-27,58.330000000001746,2220.8600000000006
Coalition avenir Québec,2023,318442.65,3638,2704,934,239580,78862.65,0.2567344694887301,0.2476510291570554,2023-05-26,2875,23035.77000000002
Parti conservateur du Québec,2023,29765.17,483,360,123,23248.69,6516.48,0.2546583850931677,0.21892970878378992,2023-05-26,0,1776.6899999999987
Parti libéral du Québec,2023,67256.84,847,620,227,49900.84,17356,0.2680047225501771,0.2580555375482999,2023-05-26,368.6600000000035,3556.2899999999936
Parti québécois,2023,334641.51,4465,3751,714,289815.68,44825.83,0.15991041433370662,0.13395179217306305,2023-05-26,2568,22247.280000000028
Québec solidaire,2023,102342.08,1395,1168,227,87506.7,14835.38,0.16272401433691755,0.14495875010552842,2023-05-26,250.99000000000524,2162.529999999999
Coalition avenir Québec,2023,315567.65,3609,2690,919,238205,77362.65,0.2546411748406761,0.2451539313361176,2023-05-25,6625,21160.77000000002
Parti conservateur du Québec,2023,29765.17,483,360,123,23248.69,6516.48,0.2546583850931677,0.21892970878378992,2023-05-25,54.80999999999767,1909.9199999999983
Parti libéral du Québec,2023,66888.18,840,616,224,49607.18,17281,0.26666666666666666,0.25835655866253204,2023-05-25,1754.9999999999927,3637.62999999999
Parti québécois,2023,332073.51,4428,3723,705,287797.68,44275.83,0.1592140921409214,0.1333314120719837,2023-05-25,10221,23282.280000000028
Québec solidaire,2023,102091.09,1393,1166,227,87255.71,14835.38,0.16295764536970567,0.14531512985119466,2023-05-25,240.33000000000175,2136.529999999999
Coalition avenir Québec,2023,308942.65,3522,2624,898,233180,75762.65,0.25496876774559907,0.24523208433668833,2023-05-24,5780,33750.77000000002
Parti conservateur du Québec,2023,29710.36,482,360,122,23243.88,6466.48,0.25311203319502074,0.21765067807996935,2023-05-24,100,2195.1100000000006
Parti libéral du Québec,2023,65133.18,821,601,220,48252.18,16881,0.2679658952496955,0.25917665926951516,2023-05-24,400,4427.629999999997
Parti québécois,2023,321852.51,4289,3608,681,279251.68,42600.83,0.15877826999300537,0.13236134153497825,2023-05-24,3358.2999999999884,27366.280000000028
Québec solidaire,2023,101850.76,1389,1162,227,87015.38,14835.38,0.16342692584593232,0.14565801963578867,2023-05-24,146.64999999999418,2929.199999999997
Coalition avenir Québec,2023,303162.65,3457,2593,864,230505,72657.65,0.24992768296210588,0.2396655722596434,2023-05-23,2555.7700000000186,27970.77000000002
Parti conservateur du Québec,2023,29610.36,481,359,122,23143.88,6466.48,0.25363825363825365,0.21838572715765697,2023-05-23,253.88000000000102,2095.1100000000006
Parti libéral du Québec,2023,64733.18,817,597,220,47852.18,16881,0.2692778457772338,0.2607781666218159,2023-05-23,446.6600000000035,4027.6299999999974
Parti québécois,2023,318494.21,4250,3580,670,276763.38,41730.83,0.15764705882352942,0.13102539603467203,2023-05-23,1515,24007.98000000004
Québec solidaire,2023,101704.11,1388,1161,227,86868.73,14835.38,0.16354466858789626,0.1458680480071061,2023-05-23,100,2782.550000000003
Coalition avenir Québec,2023,300606.88,3431,2578,853,229005,71601.88,0.24861556397551737,0.23819108864041968,2023-05-22,3600,27515
Parti conservateur du Québec,2023,29356.48,478,357,121,22990,6366.48,0.25313807531380755,0.2168679623715105,2023-05-22,715,2581.2299999999996
Parti libéral du Québec,2023,64286.52,811,593,218,47605.52,16681,0.2688039457459926,0.2594789700857972,2023-05-22,285.9699999999939,4089.2999999999956
Parti québécois,2023,316979.21,4232,3565,667,275478.38,41500.83,0.15760869565217392,0.13092603139492964,2023-05-22,2226.6500000000233,24152.98000000004
Québec solidaire,2023,101604.11,1387,1161,226,86868.73,14735.38,0.16294160057678442,0.14502740095848485,2023-05-22,1382.9100000000035,3417.550000000003
Coalition avenir Québec,2023,297006.88,3394,2551,843,226380,70626.88,0.2483794932233353,0.23779543423371205,2023-05-21,400,28405
Parti conservateur du Québec,2023,28641.48,460,342,118,22340,6301.48,0.2565217391304348,0.22001237366225487,2023-05-21,413,3521.2299999999996
Parti libéral du Québec,2023,64000.55,809,591,218,47319.55,16681,0.2694684796044499,0.2606383851388777,2023-05-21,100,4843.330000000002
Parti québécois,2023,314752.56,4198,3536,662,273445.06,41307.5,0.15769414006669843,0.1312380112174465,2023-05-21,1488.3300000000163,23204.659999999974
Québec solidaire,2023,100221.2,1379,1153,226,85485.82,14735.38,0.16388687454677303,0.1470285727969731,2023-05-21,41.64999999999418,4572.970000000001
Coalition avenir Québec,2023,296606.88,3390,2548,842,226080,70526.88,0.24837758112094396,0.23777897532248748,2023-05-20,1200,29845
Parti conservateur du Québec,2023,28228.48,452,337,115,22102,6126.48,0.25442477876106195,0.21703187702632237,2023-05-20,240,7566.739999999998
Parti libéral du Québec,2023,63900.55,808,591,217,47319.55,16581,0.2685643564356436,0.25948133466769846,2023-05-20,200,5828.330000000002
Parti québécois,2023,313264.23,4179,3522,657,272271.73,40992.5,0.15721464465183058,0.1308559869730419,2023-05-20,870,23161.329999999958
Québec solidaire,2023,100179.55,1379,1153,226,85444.17,14735.38,0.16388687454677303,0.14708970044285485,2023-05-20,0,14036.320000000007
Coalition avenir Québec,2023,295406.88,3378,2541,837,225380,70026.88,0.2477797513321492,0.23705229884964088,2023-05-19,1000,29870
Parti conservateur du Québec,2023,27988.48,449,335,114,21962,6026.48,0.25389755011135856,0.21532001737857864,2023-05-19,133.22999999999956,7341.739999999998
Parti libéral du Québec,2023,63700.55,806,591,215,47319.55,16381,0.2667493796526055,0.2571563353848593,2023-05-19,450,7533.330000000002
Parti québécois,2023,312394.23,4166,3514,652,271701.73,40692.5,0.15650504080652905,0.13026008835054348,2023-05-19,3603,23071.329999999958
Québec solidaire,2023,100179.55,1379,1153,226,85444.17,14735.38,0.16388687454677303,0.14708970044285485,2023-05-19,224.99000000000524,14165.979999999996
Coalition avenir Québec,2023,294406.88,3368,2536,832,224880,69526.88,0.24703087885985747,0.2361591549762696,2023-05-18,19215,31491
Parti conservateur du Québec,2023,27855.25,446,333,113,21833.77,6021.48,0.2533632286995516,0.2161703808079267,2023-05-18,340,7238.509999999998
Parti libéral du Québec,2023,63250.55,801,586,215,46869.55,16381,0.26841448189762795,0.2589858902412706,2023-05-18,2545,8143.330000000002
Parti québécois,2023,308791.23,4118,3481,637,269148.73,39642.5,0.15468674113647402,0.12837961751698712,2023-05-18,14305,21768.329999999958
Québec solidaire,2023,99954.56,1377,1151,226,85219.18,14735.38,0.16412490922294845,0.14742078800606995,2023-05-18,1033,13974.319999999992
Coalition avenir Québec,2023,275191.88,3155,2379,776,210785,64406.88,0.24595879556259903,0.23404353355193472,2023-05-17,0,22042.540000000008
Parti conservateur du Québec,2023,27515.25,436,324,112,21518.77,5996.48,0.25688073394495414,0.21793296444698848,2023-05-17,0,6908.509999999998
Parti libéral du Québec,2023,60705.55,751,551,200,44774.55,15931,0.2663115845539281,0.26243070032311705,2023-05-17,0,6793.330000000002
Parti québécois,2023,294486.23,3903,3295,608,256273.73,38212.5,0.1557776069689982,0.12975988724498258,2023-05-17,0,19466.659999999974
Québec solidaire,2023,98921.56,1365,1142,223,84411.18,14510.38,0.16336996336996337,0.1466857174512816,2023-05-17,0,13124.289999999994
Coalition avenir Québec,2023,275191.88,3155,2379,776,210785,64406.88,0.24595879556259903,0.23404353355193472,2023-05-16,2100,25292.540000000008
Parti conservateur du Québec,2023,27515.25,436,324,112,21518.77,5996.48,0.25688073394495414,0.21793296444698848,2023-05-16,740,6918.509999999998
Parti libéral du Québec,2023,60705.55,751,551,200,44774.55,15931,0.2663115845539281,0.26243070032311705,2023-05-16,508.33000000000175,7963.330000000002
Parti québécois,2023,294486.23,3903,3295,608,256273.73,38212.5,0.1557776069689982,0.12975988724498258,2023-05-16,1660,20286.659999999974
Québec solidaire,2023,98921.56,1365,1142,223,84411.18,14510.38,0.16336996336996337,0.1466857174512816,2023-05-16,735,13457.619999999995
Coalition avenir Québec,2023,273091.88,3134,2368,766,209685,63406.88,0.24441608168474793,0.2321814914452967,2023-05-15,4490,27232.540000000008
Parti conservateur du Québec,2023,26775.25,423,315,108,20978.77,5796.48,0.2553191489361702,0.2164864940570116,2023-05-15,1655,6313.509999999998
Parti libéral du Québec,2023,60197.22,746,547,199,44316.22,15881,0.2667560321715818,0.263816169583911,2023-05-15,1040,8135
Parti québécois,2023,292826.23,3884,3280,604,254888.73,37937.5,0.15550978372811536,0.1295563583904352,2023-05-15,1278.329999999958,20831.659999999974
Québec solidaire,2023,98186.56,1355,1134,221,83711.18,14475.38,0.16309963099630995,0.14742730573308607,2023-05-15,2538.3300000000017,12830.949999999997
Coalition avenir Québec,2023,268601.88,3086,2348,738,207710,60891.88,0.2391445236552171,0.22669938125526148,2023-05-14,1840,26642.540000000008
Parti conservateur du Québec,2023,25120.25,388,289,99,19608.77,5511.48,0.2551546391752577,0.21940386739781648,2023-05-14,4458.509999999998,4658.509999999998
Parti libéral du Québec,2023,59157.22,735,540,195,43676.22,15481,0.2653061224489796,0.26169248656377025,2023-05-14,1085,7255
Parti québécois,2023,291547.9,3868,3266,602,253690.4,37857.5,0.15563598759048605,0.12985001778438465,2023-05-14,1445,23868.330000000016
Québec solidaire,2023,95648.23,1322,1110,212,81527.85,14120.38,0.16036308623298037,0.14762824152626766,2023-05-14,9505,10292.619999999995
Coalition avenir Québec,2023,266761.88,3065,2330,735,206040,60721.88,0.2398042414355628,0.22762577621660185,2023-05-13,1225,26242.540000000008
Parti conservateur du Québec,2023,20661.74,274,208,66,16277.51,4384.23,0.2408759124087591,0.21219074482594397,2023-05-13,15,200
Parti libéral du Québec,2023,58072.22,720,533,187,43146.22,14926,0.25972222222222224,0.25702478741126134,2023-05-13,1905,6590
Parti québécois,2023,290102.9,3847,3251,596,252517.4,37585.5,0.15492591629841437,0.12955920123514794,2023-05-13,780,22839.660000000033
Québec solidaire,2023,86143.23,1187,1018,169,74487.85,11655.38,0.14237573715248525,0.13530233310267098,2023-05-13,129.65999999998894,1029.2699999999895
Coalition avenir Québec,2023,265536.88,3053,2327,726,205665,59871.88,0.23779888634130364,0.2254748191663621,2023-05-12,2621,26317.540000000008
Parti conservateur du Québec,2023,20646.74,273,207,66,16262.51,4384.23,0.24175824175824176,0.21234490287570815,2023-05-12,30,293.33000000000175
Parti libéral du Québec,2023,56167.22,696,521,175,42216.22,13951,0.2514367816091954,0.248383309695584,2023-05-12,1060,5039.970000000001
Parti québécois,2023,289322.9,3834,3244,590,251987.4,37335.5,0.15388628064684404,0.12904439987294472,2023-05-12,2300,22595.309999999998
Québec solidaire,2023,86013.57,1186,1018,168,74458.19,11555.38,0.14165261382799327,0.13434368553706116,2023-05-12,33.330000000001746,1779.5100000000093
Coalition avenir Québec,2023,262915.88,3026,2315,711,204465,58450.88,0.2349636483807006,0.22231779989858352,2023-05-11,9766.540000000008,25971.540000000008
Parti conservateur du Québec,2023,20616.74,272,207,65,16262.51,4354.23,0.23897058823529413,0.2111987637230716,2023-05-11,10,363.33000000000175
Parti libéral du Québec,2023,55107.22,683,516,167,41876.22,13231,0.2445095168374817,0.24009558094202535,2023-05-11,1195,5474.970000000001
Parti québécois,2023,287022.9,3797,3215,582,250167.4,36855.5,0.15327890439820913,0.1284061306606546,2023-05-11,12003.330000000016,23120.309999999998
Québec solidaire,2023,85980.24,1185,1017,168,74424.86,11555.38,0.14177215189873418,0.1343957634917046,2023-05-11,182.97000000000116,1862.840000000011
Coalition avenir Québec,2023,253149.34,2906,2227,679,197225,55924.34,0.23365450791465933,0.22091442150313328,2023-05-10,3250,28140
Parti conservateur du Québec,2023,20606.74,271,206,65,16252.51,4354.23,0.23985239852398524,0.2113012538616006,2023-05-10,10,353.33000000000175
Parti libéral du Québec,2023,53912.22,666,509,157,41401.22,12511,0.23573573573573572,0.2320624155339921,2023-05-10,1170,5919.970000000001
Parti québécois,2023,275019.57,3617,3055,562,239164.07,35855.5,0.15537738457285044,0.13037435845020046,2023-05-10,820,15286.98000000001
Québec solidaire,2023,85797.27,1183,1015,168,74241.89,11555.38,0.14201183431952663,0.13468237392634985,2023-05-10,333.33000000000175,1779.87000000001
Coalition avenir Québec,2023,249899.34,2872,2208,664,195425,54474.34,0.23119777158774377,0.21798512953255497,2023-05-09,4040,28135
Parti conservateur du Québec,2023,20596.74,270,205,65,16242.51,4354.23,0.24074074074074073,0.21140384352086783,2023-05-09,135,893.3300000000017
Parti libéral du Québec,2023,52742.22,652,499,153,40516.22,12226,0.23466257668711657,0.23180670059015335,2023-05-09,680,5169.970000000001
Parti québécois,2023,274199.57,3606,3045,561,238444.07,35755.5,0.15557404326123128,0.13039954803721976,2023-05-09,2205,15841.98000000001
Québec solidaire,2023,85463.94,1178,1010,168,73908.56,11555.38,0.14261460101867574,0.13520766770172307,2023-05-09,108.33000000000175,1546.5400000000081
Coalition avenir Québec,2023,245859.34,2830,2177,653,192355,53504.34,0.23074204946996463,0.217621750713233,2023-05-08,3900,25445
Parti conservateur du Québec,2023,20461.74,267,203,64,16117.51,4344.23,0.2397003745318352,0.21230990130849084,2023-05-08,0,954.3300000000017
Parti libéral du Québec,2023,52062.22,644,493,151,39996.22,12066,0.234472049689441,0.23176115040810785,2023-05-08,160,4649.970000000001
Parti québécois,2023,271994.57,3573,3015,558,236384.07,35610.5,0.1561712846347607,0.1309235695403772,2023-05-08,4315,15981.98000000001
Québec solidaire,2023,85355.61,1177,1009,168,73800.23,11555.38,0.1427357689039932,0.13537926798250283,2023-05-08,0,1468.2100000000064
Coalition avenir Québec,2023,241959.34,2792,2157,635,190405,51554.34,0.22743553008595987,0.21307026213577868,2023-05-07,1440,22562
Parti conservateur du Québec,2023,20461.74,267,203,64,16117.51,4344.23,0.2397003745318352,0.21230990130849084,2023-05-07,0,954.3300000000017
Parti libéral du Québec,2023,51902.22,642,492,150,39936.22,11966,0.2336448598130841,0.23054890522987265,2023-05-07,420,4798.270000000004
Parti québécois,2023,267679.57,3512,2967,545,232859.07,34820.5,0.15518223234624146,0.13008277023158696,2023-05-07,416.3300000000163,12775.309999999998
Québec solidaire,2023,85355.61,1177,1009,168,73800.23,11555.38,0.1427357689039932,0.13537926798250283,2023-05-07,241.64999999999418,1636.520000000004
Coalition avenir Québec,2023,240519.34,2776,2146,630,189465,51054.34,0.22694524495677235,0.21226708837634428,2023-05-06,1300,NA
Parti conservateur du Québec,2023,20461.74,267,203,64,16117.51,4344.23,0.2397003745318352,0.21230990130849084,2023-05-06,108.33000000000175,NA
Parti libéral du Québec,2023,51482.22,637,489,148,39676.22,11806,0.23233908948194665,0.22932189015935983,2023-05-06,354.97000000000116,NA
Parti québécois,2023,267263.24,3505,2964,541,232587.74,34675.5,0.1543509272467903,0.12974287073673132,2023-05-06,535.6499999999651,NA
Québec solidaire,2023,85113.96,1174,1006,168,73558.58,11555.38,0.14310051107325383,0.13576362796420233,2023-05-06,879.9000000000087,NA
Coalition avenir Québec,2023,239219.34,2763,2140,623,188865,50354.34,0.22547955121245025,0.21049443577597027,2023-05-05,2275,NA
Parti conservateur du Québec,2023,20353.41,266,202,64,16009.18,4344.23,0.24060150375939848,0.21343991006912352,2023-05-05,100,NA
Parti libéral du Québec,2023,51127.25,633,487,146,39471.25,11656,0.23064770932069512,0.22798018669105027,2023-05-05,1495,NA
Parti québécois,2023,266727.59,3491,2952,539,232132.09,34595.5,0.15439702091091378,0.12970349261581823,2023-05-05,2825,NA
Québec solidaire,2023,84234.06,1172,1004,168,72695.01,11539.05,0.14334470989761092,0.13698793575900295,2023-05-05,116.66000000000349,NA
Coalition avenir Québec,2023,236944.34,2739,2127,612,187615,49329.34,0.22343921139101863,0.20818956890888385,2023-05-04,11935,NA
Parti conservateur du Québec,2023,20253.41,265,201,64,15909.18,4344.23,0.24150943396226415,0.2144937568537841,2023-05-04,0,NA
Parti libéral du Québec,2023,49632.25,617,474,143,38276.25,11356,0.2317666126418152,0.2288028449244191,2023-05-04,1640,NA
Parti québécois,2023,263902.59,3453,2919,534,229652.09,34250.5,0.15464813205907907,0.12978463000306287,2023-05-04,4170.000000000029,NA
Québec solidaire,2023,84117.4,1171,1003,168,72578.35,11539.05,0.14346712211784798,0.1371779203827032,2023-05-04,100,NA
Coalition avenir Québec,2023,225009.34,2586,1997,589,176795,48214.34,0.22776488785769528,0.21427706067668123,2023-05-03,3245,NA
Parti conservateur du Québec,2023,20253.41,265,201,64,15909.18,4344.23,0.24150943396226415,0.2144937568537841,2023-05-03,550,NA
Parti libéral du Québec,2023,47992.25,594,454,140,36881.25,11111,0.2356902356902357,0.2315165469424751,2023-05-03,420,NA
Parti québécois,2023,259732.59,3375,2866,509,226847.09,32885.5,0.15081481481481482,0.12661291368942187,2023-05-03,1375,NA
Québec solidaire,2023,84017.4,1170,1002,168,72478.35,11539.05,0.14358974358974358,0.1373411936098951,2023-05-03,100,NA
Coalition avenir Québec,2023,221764.34,2548,1970,578,174535,47229.34,0.22684458398744112,0.21297085004739716,2023-05-02,1350,NA
Parti conservateur du Québec,2023,19703.41,257,196,61,15489.18,4214.23,0.23735408560311283,0.21388328213238217,2023-05-02,196,NA
Parti libéral du Québec,2023,47572.25,589,449,140,36461.25,11111,0.2376910016977929,0.23356053161244217,2023-05-02,160,NA
Parti québécois,2023,258357.59,3359,2855,504,225822.09,32535.5,0.150044656147663,0.12593204635482164,2023-05-02,2345,NA
Québec solidaire,2023,83917.4,1169,1002,167,72478.35,11439.05,0.14285714285714285,0.1363132079878547,2023-05-02,30,NA
Coalition avenir Québec,2023,220414.34,2533,1960,573,173685,46729.34,0.2262139755230951,0.2120068050018887,2023-05-01,1017,NA
Parti conservateur du Québec,2023,19507.41,254,194,60,15393.18,4114.23,0.23622047244094488,0.2109060095625201,2023-05-01,0,NA
Parti libéral du Québec,2023,47412.25,587,447,140,36301.25,11111,0.2385008517887564,0.23434871789463693,2023-05-01,308.3000000000029,NA
Parti québécois,2023,256012.59,3332,2830,502,223547.09,32465.5,0.15066026410564226,0.12681212279442977,2023-05-01,1108.3299999999872,NA
Québec solidaire,2023,83887.4,1168,1002,166,72478.35,11409.05,0.1421232876712329,0.13600433438156387,2023-05-01,168.30999999999767,NA
Coalition avenir Québec,2023,219397.34,2521,1952,569,172885,46512.34,0.2257040856802856,0.21200047366116653,2023-04-30,NA,NA
Parti conservateur du Québec,2023,19507.41,254,194,60,15393.18,4114.23,0.23622047244094488,0.2109060095625201,2023-04-30,NA,NA
Parti libéral du Québec,2023,47103.95,584,446,138,36192.95,10911,0.2363013698630137,0.23163662495395823,2023-04-30,NA,NA
Parti québécois,2023,254904.26,3316,2818,498,222588.76,32315.5,0.15018094089264172,0.12677504879675217,2023-04-30,NA,NA
Québec solidaire,2023,83719.09,1167,1001,166,72310.04,11409.05,0.14224507283633248,0.13627775934974926,2023-04-30,NA,NA
Coalition avenir Québec,2023,217596.57,2502,1937,565,171490,46106.57,0.2258193445243805,0.21189015065816524,2023-04-27,NA,NA
Parti conservateur du Québec,2023,19504.45,254,194,60,15390.22,4114.23,0.23622047244094488,0.2109380167090074,2023-04-27,NA,NA
Parti libéral du Québec,2023,46343.95,573,439,134,35627.95,10716,0.2338568935427574,0.23122759281416455,2023-04-27,NA,NA
Parti québécois,2023,253564.26,3298,2804,494,221418.76,32145.5,0.14978775015160703,0.12677456988615035,2023-04-27,NA,NA
Québec solidaire,2023,83400.78,1163,999,164,72125.06,11275.72,0.1410146173688736,0.13519921516321548,2023-04-27,NA,NA
